text,gold_label,pred_label
江疏影甜甜圈自拍，迷之角度竟这么好看，美吸引一切事物,102,102
以色列大规模空袭开始！伊朗多个军事目标遭遇打击，誓言对等反击,110,113
出栏一头猪亏损300元，究竟谁能笑到最后！,104,109
以前很火的巴铁为何现在只字不提？,109,110
作为一名酒店从业人员，你经历过房客哪些特别没有素质的行为？,112,102
走进荀子的世界 触摸二千年前的心灵温度,101,116
图解：全要素 多领域 高效益 天津智能科技军民融合发展,109,109
区块链投资心得，能做到就不会亏钱,104,104
你家拆迁，要钱还是要房？答案一目了然,106,106
军嫂探亲拧包入住，部队家属临时来队房标准有了规定，全面落实！,106,107
你好，武汉理工大学国旗仪仗队！,108,108
海口的限购区域有哪些？,106,106
苹果创始人的女儿在旧金山新购置一处豪宅：价值1亿，景观无敌,106,109
60岁农村大叔为挣百十元钱工地干的这活，看完眼睛湿润,115,115
“你们的产品让人们越来越懒”——农行董事长为何如此评价？,109,109
美术生去北京画室参加集训会不会影响联考成绩？,108,108
心直口快马苏没有选择沉默，疑再回应戛纳风波,102,102
国产新力量，领克02这个价位你能接受？,107,107
「曝光台」安塞区这些驾驶员，您的驾驶证违法未处理已经逾期未换证了，赶快去车管所办理相关业务去吧！（第十期）,107,107
瑟图｜走走停停，看不够五渔村浪漫风情,112,101
全球最大飞机墓地：6千架被埋葬的飞机，可随便装备一个军事强国,110,110
如何解读蚂蚁金服首季亏损？,109,109
为什么现在超市购物车要用硬币才能使用，之前都不用的呢，这背后有什么利益吗？,104,109
法国有29家世界500强企业，美国有132家，你猜日本和我国有几家？,104,109
霍福德定胜负，凯尔特人客胜76人彩带抢镜，史蒂文斯太强了,103,103
世界上的网恋都有哪些奇葩结果？,113,113
微软披露拓扑量子计算机计划！,109,108
禚中华健身学院专业健身教练培训的摇篮,108,108
海南将对农产品品牌进行整合,115,115
《幻想全明星》媒体赛感动“鸡”友颁奖典礼！,116,101
助力教师从业资格证考试（六）面试时出现失误的对策篇,108,108
哇塞！一年不见闸口又大变样！你确定不进来看看？,112,115
智美东方完成千万级人民币融资，打造医美SaaS平台,109,104
换个角度，从卫星地图上看看比尔·盖茨的豪宅是个啥模样？,106,109
世界上有哪些特别有趣的地图？,113,101
程水泉调研浏阳市张坊镇富溪村精准扶贫工作,115,115
三轮摩托车脱审好长时间了，该怎么办才是正确的？,107,107
丰田再次放大招，整车进口，格调不输奥迪A6，售价不足30万要火,107,107
老北京有什么敬茶的规矩？,101,112
在农村为什么骑摩托车的人越来越少了呢？原因太现实了,107,115
360旗舰机：骁龙660+6GB，千元机如此强悍？,116,107
快手怎样注销账号？,109,109
总有一碗大面等着你,104,113
环卫工人工资才350元，她却不敢辞职！原因很辛酸,115,106
陈二狗的妖孽人生经典语录,115,102
法国拒签再签是否可以提升过签率？且看老司机如何助你过签！,112,107
网售滞销水果悲情牌套路：“滞销大爷”被滥用,115,115
到底谁才是霸权？外交部这个回应非常霸气，直接硬怼西方两大国！,113,110
QQ禁言时，怎么才能发起群投票？,109,109
最新！石家庄100个小区二手房价出炉！你关注的那套房子跌了吗？,106,106
破虏英雄传第117回：郭襄西行寻找还魂草，苗道一诉说先天功,101,102
你能想象在海洋中也存在“荒漠”吗？,113,109
从20%暴跌到0.8%仅用五年，三星手机为何会在中国遇雪崩式溃败？,109,109
提高卫生意识，建立文明健康生活方式,115,108
以色列的ITL MARS瞄准镜的精准度高吗？,109,113
结婚了还帮你前女友买房，还写你们的名字？那你娶我做什么！,100,106
上联：密密麻麻雨，轰轰隆隆雷，下联怎么对？,101,101
最惨绝地求生美女主播竟是斗鱼六姐之一 无人相信能有一次淘汰,116,109
兰州火车站“兰”字写错了吗？,101,112
上联：银笛吹开云天月，下联怎么对？,101,101
新型1688分销模式，如何打造精品店铺？,107,104
丰台南苑村“红色管家联盟”启动 村民享“菜单式”服务,115,115
中国的马铃薯之乡在哪儿？,115,101
俄罗斯作为世界强国，在近代历史上为何没和英法一样占据海外殖民地？,110,110
教育行业如今发展正如狼！,108,104
直击：出租屋里，月收入共8000两口子的一日三餐,115,113
查理芒格谈人工智能：炒作过多 还不能大规模取代人类,104,104
广州｜D2 神奇动物在哪里？,112,112
让你秒懂什么是社交零售？什么是达令家？,104,109
广州天河有哪些好玩的地方？,112,112
推开博物馆之门 体验奇妙之旅,101,112
同股不同权是什么意思？,109,116
以色列空袭之后，又一国大军进入叙利亚，俄战机起飞应敌,113,110
从深圳福田口岸或者黄冈口岸过香港，一日游怎么玩呢？,112,112
《拳皇》系列谁的波动是无懈可击的？,116,102
黄磊接受华少快问快答，不光智商逆天，情商也不逊黄渤,102,102
战斗民族不含糊，俄战略轰炸机挑战美国防空识别区，警告莫触底线,113,110
母亲节，古代描写母亲的古诗词10首，还是多学学自己的古文化吧,101,101
汉唐文化的代表——西安,107,101
临夏市博物馆旧貌换新颜迎来八方客,112,108
技术分析究竟有没有用？,109,109
如果将要取消物业，大家会支持吗，物业到底该不该存在？,106,109
男子45岁摔伤，算命先生预言他61岁死就不再干活，最终他活了90岁,100,113
全职高手：黄少天的4大弱点，其中3人他完全没办法，最后一个无解,116,116
星巴克加入反西雅图人头税浪潮,109,110
真实的八路军学习照片，没有教室他们依然认真100倍！,108,102
设计师脑残系列！霰弹枪装15倍镜有何用？,116,110
女孩听导演让自己演女主，送导演一份小礼物，竟让导演眼镜都掉了,102,102
百年枯树倒在山路上，全身有几百枚硬币,112,104
美元再次举起金融屠刀，这10个国家的经济或即将岌岌可危,104,104
许家印从严治军！扣工资！严惩张琳芃胶带球衣事件！,103,103
人们为什么要亲吻？,101,113
金圣叹手把手教你远离油腻，做一个清清爽爽的……浪子,101,107
未来自动驾驶真的会让酒驾和疲劳驾驶成历史吗？,107,107
探游“邢台峡沟挂壁公路”之“峡沟村”的建筑,115,112
营销——如何变废为宝,115,109
赵丽颖4月30日自拍微博，你猜猜猜评论破百万耗时用了几天！,102,102
这个母亲节，送给妈妈不一样的汽车脚垫！,107,107
你不出去就永远不会知道，心之所向的陌生城市究竟是什么模样,112,106
常州新北龙城中学延迟开工 计划2020年9月招生,108,108
《机器人争霸》Angelababy心疼“国机之光”原子弹,116,102
好奇！被北大清华“抢走”的63名同学，学区房到底重不重要？,108,108
人生最重要的事只有一件,102,108
那些为了便宜买国产车的人现在怎么样了？,109,102
除了新设AI专区和汽车展商翻倍，2018 CES Asia还有哪些看点？,107,107
为什么美国国内反俄很严重？,110,113
RNG战队春季赛决赛语音公布，队员齐喊：捧杯啦简自豪！,116,116
农村自建房申请安装三相电表，电力公司收取900元的安装费合理吗,115,115
2岁宝宝被父母忘在零下19度室外 发现时已停止呼吸,100,110
如何举办线上扑克比赛？,116,103
多名主力“消失”丹麦印度汤尤杯名单，各国备战阵容向年轻化进军,113,103
农村古老的物件，看看谁家还有，认识最后的才算我服你,115,115
智造是“动力之都”真正的动力源泉,109,100
精化产品供给 增强发展动能,112,104
《阳光灿烂的日子》里宁静“壮”得不符合国人审美，为什么还是觉得很好看？,101,102
这4大迹象表明孩子成绩正在退步，早发现早解决！,108,108
北京市住建委严打违规炒作“学区房”，西城再曝10家违规中介,106,106
「早报」用户联名要求苹果召回 MacBook Pro/努比亚 Z18 配置曝光,104,109
小桑葚带来大效益,115,115
性能强、加速快的新能源车型有什么推荐的？,107,107
维基链时代来临，瞬间将袭卷整个中国，暴涨800%！抢到即赚到！,104,116
2018鸟巢之路解读｜城际、赛际、俱乐部伙伴间的互动平台,103,109
孩子书画考级有何作用？,101,101
张天爱现身机场，网友：穿牛仔裤，两腿间的细缝好大呀！,102,102
井陉矿区第三小学参加石家庄市首届社火节,101,108
我省发布今年全省城乡居民最低生活保障标准低限,115,104
变电站母排型接地线的改进,115,103
「致战友」国防服役纪念章提前来了，战友们，你等到了吗？！,110,110
魔雷音乐HD-Greatest Love Of Al（我是歌手）l-曹格,102,102
朗逸plus变大增配上热门，国产品牌挖坑，plus竟然变小了,107,109
如果有国家对印度开战，美国会帮印度吗？,110,110
十二星座的专属墨镜，双鱼座竟然是一道靓丽的风景线,107,101
中考古诗文赏析,101,108
骑士和步行者战成抢七险胜，而猛龙即将被横扫，步行者跟猛龙的区别在哪里？,103,103
特朗普才宣布退出伊朗核协议，以军方声称发现“不正常伊朗活动”,113,113
真实的巴菲特,104,104
为什么苹果自带的天气预报准确呢？,109,115
配8门大口径火炮的怪兽:法国将航母当炮舰用?,110,110
《绝地求生》：哪把枪用过以后再也不想捡了？玩家投票556步枪,116,116
伊朗民众示威抗议美国退出伊核协议,113,113
深圳有个“小西湖”，很多人还不相信，而且免费,112,107
终于有动作了！中国在渤海以及黄海设立禁航区，国产航母要海试了,110,110
迷你世界1：运气真好，我挖矿迷路了，却意外得到了钻石胸甲！,116,116
DNF谁的爆发能力最强？,116,116
艺考生美术集训色彩怎么画的？,108,108
越南人并不喜欢中国人，为什么还是有那么多越南女人嫁到中国？,112,102
农村的丧事越办越热闹，丧事喜办到底有什么说法？,113,115
1.31米大屏幕，生物识别指令控制，又一新车横空出世,104,107
「声音驿站」上阳宫，大唐皇宫中的现代智慧生活,101,101
一群哈士奇跟客人拍照，会抢位摆POSS，怀疑是假二哈,113,109
全球人口最密集的城市中国有两座，第一名在这里！,113,113
南京美丽乡村大数据平台正式启用,112,107
老人儿子去世后儿媳改嫁，女儿给养老送终，遗产该怎么继承？,101,101
市文广新局局长田明实地调研民主中路西段,101,110
蓝星生财之道公众号增长计划0.2版本,104,116
对联：足不出户知天下？,101,101
买保险怎样“如实告知”？一篇文章告诉你，超详细的！,104,108
我在非洲打工八年，被人持枪抢劫过，只为攒钱买套房,106,113
宋代官窖·大宋国酒新品上市发布会首站开封告捷,104,104
京沪高速有几条线路？,112,107
这把武器爆了不要分解！不穿戴衣服只穿戴武器首饰打出15亿，你,116,110
乌克兰隆重纪念二战胜利日,113,113
美国废除伊核协定，为什么会有这么大的影响？,113,113
住宅调控下 商铺将城下一个投资风口？,106,106
戛纳红毯上摔倒的那位否认假摔，网友：看得我尴尬症都犯了,102,102
恭喜尚亿创新获得计算机软件著作权登记证书！,109,104
长江策略：4月陆股通大举净流入 全球资金或提前布局MSCI,114,104
闪电降价app的阿迪达斯是正品么？,109,109
笔落惊山雨，字成传神韵——记著名魏碑书法家刘永华先生,101,101
世界五百强当中，有几个公司是中国的？,104,113
航空器设计进步方向在哪里？,110,109
「文明花开」文明花开茶飘香 保靖黄金村走出茶旅结合致富路,115,101
阿根廷央行再出10亿美元“救市” 比索收盘依然创纪录新低,104,104
孩子不爱学习？班里的孩子家长都用这4招，让孩子学习上瘾！,108,108
魅族Flyme7更流畅，更强的交互体验，将媲美苹果的iOS,109,109
本科大学生没有高中毕业证能当兵吗？,108,108
不用表，怎么计时更准确？,103,116
日本车在缅甸大火，价格五年内猛涨！,113,104
厉害了！基层连队考核，居然还有地雷埋排这个课目！,110,109
海上“五菱宏光” 日常跑运输，战时你永远不知道会下来多少坦克,116,110
金玉米姐姐给孩子们讲《国学经典故事》——上善若水,101,101
“科技火花·燃动视听”产业峰会，有趣有料的内容都在这里了,104,109
为什么二战时苏联打日本人那么轻松，而美国打日本却很艰难？,113,110
比亚迪宋MAX推出更实用的6座版，4月销量成功碾压老车宝骏730！,107,107
退休后工人农民全部免费医疗，养老金统一，会怎么样？,113,104
京东2018年一季度赚了15亿人民币！附财务数据~,104,109
我要去看得最远的地方，和你手舞足蹈聊梦想,108,112
广西人去越南要签证吗？,113,112
一个包租婆讲述：那些年租我房子的姑娘们,106,106
日本的爱子长公主颜值不高，是阻碍其成为日本女天皇的重要因素吗？,102,113
干货｜开展等级保护工作的十大误区,109,108
为什么美国侵略其他国家联合国不管？,110,110
又一场恶仗要打 在叙不断被挑衅的俄军 这次终于要反击了,113,113
这台游戏主机性价比极高,109,116
女生适合学什么技术？,108,108
76人103：92凯尔特人，76人能完成大翻盘吗？,103,103
世界上唯一的男人国 从没见过女人连雌性动物都没有,112,112
老板请吃饭，男子吃一半非要回家，老板知道实情后对男子升职加薪,100,100
中兴事件戏剧性转折，这三个信号意味深长,104,104
怎么看待iOS 11.4加入USB限制模式？,109,109
南都电源分布式储能投资超5亿 2017年储能投运规模踞全球第二,109,104
科目二是不是要比科目三难？这个问题应该让挂科的学员来回答,107,108
没钱为什么不从取款机里取？,113,101
淘宝分销店铺，零基础运营，兼职全职小成本创业,104,109
俄罗斯境内竟有一座“中国城”，唐朝建筑风格，普京亲自前往参观,113,113
明星出道前后的样子差距有多大？,102,102
什么狗最护主人，会拿命保护主人？,102,102
专家：解决经济运行三大失衡 让房地产回归住宅本性,104,106
《唤醒事件簿》这是一个推理破案的跨国旅游真人秀,102,112
亚的斯亚贝巴的网红咖啡店,112,102
有没有那种特别虐或特别甜的小说？,102,101
小说推荐：男主患有孤独症自闭症的文，疯子三三的《余温》镇楼,102,102
贾静雯家温馨佟丽娅家高冷，马苏家高雅，而她家就是个养猫场吧！,106,102
伊藤美诚在女团决赛中战胜刘诗雯，那么中国女乒能找到战胜她的办法吗？,103,103
戈贝尔：卡佩拉每个赛季都在进步,103,103
印度厕所为什么不分男女？,113,113
《在水那方》之“白标识”全被炸飞了,110,107
《复仇者联盟3》内地票房已破6亿,102,102
王羲之与好友吟诗作赋，开怀畅饮，不怕醉于兰亭？,101,110
杨幂录制跑男和Baby形影不离，网友：baby如同一个精致的洋娃娃,102,102
光有激励机制是不够的，老板你还要懂得“讨好”员工,113,100
5月11号MSI上，如何看待夺冠热门KZ对阵RNG的四TP？,116,116
去汽修厂学汽修好还是去汽修学校学汽修好？,107,107
连州丰阳古村诉说千年故事,112,101
创造101：婊里婊气的女孩，会赢,102,102
皇马遭遇劲敌！曼市双雄截胡2.6亿内马尔 曼联报价：博格巴+1亿！,103,103
原来这就是你们天天看到的鲲，一部巨制科幻电影的短片,116,102
天啊！厕所用水居然秒变茶饮品？,113,113
《亮剑》为什么能成为抗战剧中的经典？,102,110
如果家里的老人得了绝症，如何看待生命的质量和死的尊严这个问题？,113,100
模拟火车世界DLC:1862年英国西萨默塞特铁路即将发布,113,113
因退出《伊朗核协议》而犯了众怒的美国会被世界孤立吗？,113,113
一万元一年定期存款是多少利息？关于买房有哪些建议？,104,106
为什么不赶快把仪征撤市设区呢？,112,107
别被主力骗了！互联网 +金融业务，它即将迎来再度大高涨（附股）,109,109
打通网络的“最后一公里”,115,107
官方：阿维拉多下个赛季将继续执教阿拉维斯,103,103
希拉里去新西兰鼓吹“中国渗透” 外交部：搬弄是非,113,110
震中杯结束LGD3-1Liquid夺得Major赛事冠军Luquid虽败已得Ti直邀,116,103
沉浸式娱乐公司万娱引力获合娱资本数千万元A轮融资,116,104
全球经历去煤时代！日本却要大建36座煤电厂,113,104
分析下现在淘宝代运营的坑,107,109
搞笑王者荣耀：妲己为了坑我闪现都用上了，可怜的哪吒飞一半坠机,116,116
厉害了！他的小米价格远高于同类产品，马云都点赞，怎么做到的？,115,109
《刘老根》一段雷劈刘一，唱的入神，听的落泪！,102,112
2018年深松机依然“受宠” 用户：给的钱多啊！,115,109
看不懂这条规则，跑趟高速12分没了，并非危言耸听！,110,107
想学一门乐器，萨克斯、钢琴、鼓这几个分别有什么要求？,101,101
用iPad码字是什么感觉？,101,116
青铜关镇梅花小学举行第一届综合运动会,103,103
恒百集团连续3年被纳入成都市中小企业成长工程培育企业名单,109,115
大军逼近叙首都！战机进行最后维护，以色列真要与俄罗斯撕破脸？,113,113
古代战场冲锋，扛旗的士兵没武器，为何不会被攻击？原因很简单,116,110
三星跑了，奥林巴斯也跑了！高房价正在拖垮深圳？,109,109
美国为什么会成为世界战争的最大策源地？,113,110
如果当初你买了阿里的原始股票，你现在会是什么样？,104,104
风吹白云飞，星观龙虎斗。如何接句？,112,112
李菲儿现身机场，网友：这身材确实很美，口罩拿下我就沉默了,102,102
丫蛋儿离婚后唱《大悲咒》，秒杀所有版本翻唱,116,102
海洋矶钓新手入门之矶钓如何测底？,112,104
在日的中国留学生被称为“救世主”,113,113
俄举行红场阅兵等活动纪念卫国战争胜利73周年,110,113
7个不合格的球队领袖，德罗赞有心魔，威少太看重数据,103,103
玛莎拉蒂，发布全新型号Trofeo,107,107
法老王拆下绷带，自称是剑桥大学的学生,102,108
长润影视的发展模式,102,104
人类象棋高手为什么不敌软件阿法狗？,109,103
移动“首当其冲”：为什么大家宁愿销号，也不愿使用移动号码,116,109
什么是方法论？怎么掌握方法论？,101,104
重磅！2018年胶州中小学招生、报名开始啦,108,108
95年央视春晚陈红、孙浩一首《中华民谣》唱醉了中华儿女，好听,102,101
5.09万起入门 兼顾便宜/高性价比 吉利哪些火爆车值得买（SUV篇）,107,107
ag超玩会对于边路Vv昨日的肺腑之言进行回应，急于撇清关系，所述真实吗？,103,102
实拍 缅甸独特豪华版“澡堂”,113,107
引领先锋潮流！颜值与实力大成者比速T7官图发布,107,107
福建省少儿图书馆举办公益画展 传递美术教育新理念,108,101
有哪些象征历史进程的图片？,101,109
俄罗斯的大客机梦——第二架MS21收飞成功！,113,113
2018千人小程序峰会,104,109
怎么评价普京？,113,110
老人为让儿女能经常回家看看，雇人为家里装了两件“用不惯”物件,115,100
乡村民俗的界定,112,115
成功人士用华为，穷人用苹果，屌丝用小米，事实果真如此吗？,109,109
这样练书法，怎么死的都不知道！,101,101
大龄战机“白嘴鸦”，再焕新春,110,110
惠州聚揽福庭楼盘信息,106,106
每天游泳，游泳池的氯有害吗？你是怎么解呢[握手]？,112,103
非洲萌娃随凤凰陕西走进第三届丝绸之路国际博览会,104,101
千古绝对！“孔子老子孟子墨子庄子五子名扬千古”，下联成为绝唱,101,101
等待一个与大自然的约会，等待火山荔枝红……,115,104
即日起不管是否运营，都要喷字！不喷有可能无法上路,107,106
上联：天高任鸟飞，下联如何对？,101,101
和路遥约个时间，看家乡风情,107,112
李克强考察丰田释放了什么信息？,107,104
确定了！未来2年，这3大项目每个村都有，又有一批农民要富起来了,115,115
安吉尔富士康同建数字化工厂 共同推进绍兴市百亿产值,109,109
除草剂在土壤中的持效期是多久？这里常见的品种都给您整理了！,115,115
懒人适合种的果树：长得多、好打理，果子多得都得送邻居吃,115,102
高榕资本高翔：游戏直播专业性强，未来增长空间大,109,116
张歆艺出席时尚盛典，网友：中间那个缝打开了多少人的幻想,102,102
日本飞行员训练中被毒打，怒火中烧，起飞后撞向指挥官同归于尽,110,113
马云又出惊人言论，8年后房子最不值钱，他的话可信吗？,106,106
阿鲁巴的网红火烈鸟岛，有机会一定要去一次,113,109
「奶奶离开后的日子」母亲带着弟弟远嫁他乡 我留下来陪伴奶奶 奶奶教育我做人、支持我参军,100,100
作为曾经的海上马车夫，荷兰为什么在近代衰落了？,113,110
七绝/香满校园,108,101
现实面前，国人沉默！制造业若想腾飞，这一行业必须改变,104,104
绝地求生外媒发布1-4月战队实力排行榜，4AM能排第几？,116,116
王者荣耀：玩家排位连胜14把，收到天美一封邮件，看完气炸了,116,116
政府卖地收入暴涨83.4%！这几个城市正在悄然崛起,106,115
为什么过去人都想当兵，现在农村兵却越来越少？,115,115
《永恒之柱2》获IGN 8.5分好评,116,109
盘口秘籍：超短输赢的盘口博弈！散户：原来主力还有这种操作！,104,115
艺术在进化过程中有什么用？,101,102
「场外新闻」坎特：除篮球外最喜欢WWE，有认真考虑加入WWE,103,103
出动F35隐形战机？躲开俄方防空系统，摧毁伊朗三个军事基地,113,110
怎样阅读才算有效阅读？,101,108
比斗鱼快，虎牙今日在美国上市，成中国第一家游戏直播平台,104,116
为什么越舍不得花钱的人会越贫穷？,106,109
美国加息对中国股市有什么影响？,104,104
邓超自曝小花对他的专属爱称，网友调侃：毕竟是霸王花,102,102
韦神Uzi帮助虎牙上市？预计募资2亿美元！网友：也太有牌面了,109,116
亚洲杯开球时间确定,103,103
10万创业？,109,109
如何用科学解释海地僵尸死而复生的真相？,113,101
苏州必知教育新闻加餐正此时,104,104
马云又出惊人言论，8年后房子最不值钱，他的话可信吗？,106,106
野钓调标调几钓几最合适？,109,101
给你一个师的兵力，你能不能推翻古代任何一个封建王朝？,101,102
水景荷花种植的相关常识,112,115
海量红场阅兵大图：全部装备都在这里 新货不多但很热闹,113,113
2018年高考有这些新变化，高考生注意！,108,108
我有8张信用卡，平时都准时还款，为什么办车贷银行审核不通过？,106,104
《启航新时代筑梦新征程》冯建军书画原创作品邮币珍藏册样稿鉴赏,101,101
新疆各种水果的上市时间是什么，你觉得哪些好吃？,115,112
现在才入坑dota是不是太晚了？,116,103
悟空问答「游戏」领域有哪些值得关注的答主？,116,110
网友怒斥PUBG近期三大罪状，你怎么看？,109,102
如何和汽车销售谈价格？,107,107
狗是人类的好朋友，向那些在自然灾害中担任救援工作的搜救犬致敬,113,110
狼回头(民间传奇),100,101
明星突击步枪 95式列第五,110,102
「金成解盘」：5.8伊“核”风云再起，中美贸易不断！,104,109
农村大龄男子娶越南美女，结婚后只用了一招，女孩乖乖的留在农村,113,115
“00后”将如何改变中国？,110,113
德甲第34轮汉堡2:1门兴，汉堡仍然降级，引起汉堡球迷过激行为,103,103
双色球彩票真的有规律可循吗？,109,113
近三年河南大宗农作物参保率大幅提升 小麦参保率近九成,115,115
秦始皇只比刘邦大三岁，为什么普遍觉得二人不在一个时代？,102,101
嘉兴有个状元村你知道吗？现在养起了蝮蛇，每年产活蛇40吨……,115,104
黄金荣为什么抛弃林桂生又和露兰春离婚？,101,102
小米5x和红米note5之间该不该纠结？,109,109
为什么在中产阶级美国人的眼里800美元买件衣服，非常不可思议？,101,104
这里有山有海，台湾北部有我诉说不尽的浪漫！,112,101
产业园区变“空城”？或许可以看看华夏幸福的解决之道,108,109
中国六家实力家电企业 营业收入排名第一的不是格力,104,109
512抗震救灾博物馆——记录生命的力量,112,101
死都要捡的狙击枪！“AWM”在现实中究竟如何？世界纪录超乎想象,116,110
紫宸道：林正英跟老外科普道术，单符咒就有3000多种，比高考难！,102,108
吃鸡玩腻了？这款枪战游戏能让你笑一年,116,116
人工智能与电磁频谱战,110,109
腾讯电竞需要梦想吗？,102,109
联想再“变阵”背后手机业务困境依旧,104,109
第一女儿时尚外交，礼服并非件件天价，这些美服靓丽又平价,113,112
莱芜市老年大学项目选址意见公示,106,108
鹿晗和关姐姐为什么要曝光恋情？,102,102
咖啡两巨头联姻？雀巢或收购星巴克咖啡业务,104,109
一亩地=多少平方米？,106,106
美国又要坑日本了！这一次招数真是绝了！,113,113
惊人突破！高达4300亿流入，他们密集关注中国！,104,104
在特定情况下哈桑·萨巴赫是否无敌？,116,107
5G在车联网领域应用,107,109
农村婆媳去竹林齐力拔竹笋，婆婆一拔一个，儿媳为何拔的这么吃力,102,115
正在消逝的绝美旅行地，马尔代夫竟赫然在目！,113,115
把婚姻讲得这么透彻的，竟是一本儿童绘本,100,101
把家庭的钱分成这几类，家庭生活最有保障，赶紧学学吧！,104,113
支付宝再推新功能，电子执照正式上线，网友：能省不少时间！,109,109
从0到1开发H5游戏,116,116
玉溪最大的魅力是什么？,112,112
加勒比地区最富裕的国家，旅游业为支柱产业，每年接待500万游客,112,112
职场生存必备｜遇到这样的甲方爸爸，我方该如何“活着”？,116,102
云南昭通都有哪些名山？,112,112
乘坐伊拉克航空的客机是种怎样的体验？,110,109
中超冠军与金靴大军同时达6强之争 上港与武磊同时被悄然追上,103,103
安卓9.0正式发布了！即日起其中4个品牌国产手机提前更新！,109,109
在合肥买32平的房子装修花了11万，亲戚都说我傻，你们觉得值吗？,100,106
同一天同一地点！绍兴诸暨又一批豪车被曝光！有你认识的吗？,107,107
俄叙终于报了一箭之仇，该国600吨武器被炸，至少损失6个亿,110,110
如何看待二更食堂《托你们的福，那个杀害空姐的司机，正躺在家数钱》一文？,109,109
Vive Focus 推出欧洲开发者版，售价650欧元,113,107
走近周公故里 感受神秘的周文化,101,101
老公，我撞了一辆五菱，要陪30万 老公：什么五菱这么贵？,107,100
国际田联钻石联赛上海站，多位大咖现身酒店，与粉丝合影！,103,103
小布什借丘吉尔名言暗批特朗普：不合则万般皆输！,113,104
结婚第三天老公就打得我流鼻血，我爸妈来家一看，给了老公五万,100,100
顺义土著没烦恼？一篇文章告诉你，我们有多累！,106,109
故事： 亲爱的，我怀孕了！,101,100
迦那格西｜修行佛法的三观察 三精进,101,104
重点运输企业曝光,107,104
如果给你100万限制3个月内消费完，不能买车、买房、投资，只能消费，你会怎么做？,112,106
打响上海文化品牌丨中华创世神话史诗在当代“开天辟地”,101,104
网传《马卡报》披露，内马尔希望加盟皇马搭档C罗，可能性有多大？,103,103
新车要不要磨合？,107,107
在日本价值6000元的大龙虾怎么吃？看完就两个字，高端！,115,101
上联，绿竹引清风，如何对下联？,101,101
区块链，让VC走开,109,109
为什么中学历史教科书中删掉卫青、霍去病会引起大家的热议和愤怒？,108,101
那些拍烂片的演员们在拍片的时候知道自己拍的是烂片吗，什么心理，纯为了钱吗？,102,102
老鱼绝杀：爵士陷困境无调整余地，主场战火箭也无优势,103,103
企业同时属于高新企业和科技型中小企业，研发费用如何扣除？,104,104
二战海军中最为高危的职业，战绩还不如轰炸机，简直吃力不讨好,116,110
新的互联网网赚商机，淘宝分销小成本创业的最佳选择,104,109
你是怎样看普京第四次就任俄罗斯总统的？,113,113
贵州这个山洞竟是一个与世隔绝的村落，洞内的画面让人难以置信,115,112
18款中东路虎揽胜HSE空降来袭，港口最新价格及配置参数,107,107
以权威自居的人，讲话就像裹脚布，既然不能少裹，就请你喷点香水,108,106
这几个国家领导人的老婆照片：特朗普的老婆最有钱，身材也最好！,113,113
国内的这个环球中心，是世界上最大的单体建筑,101,112
张村余庆里，如何接句？,112,101
彼岸无华,112,102
误入豪门，家族反对、媒体报道，不知道有多少女人想看她的好戏,100,100
为何麦当劳改名为金拱门？,109,107
i5 8600k和i7 7700k哪个比较好？,116,107
颜控必备，神车NOBLE改装！了解一下！,116,107
声音｜车速低，是否就等于交通拥堵？,107,109
并非被以色列报复，民兵组织承认，路边炸弹杀死叙军防空部队成员,110,110
马斯克胸有成竹？特斯拉今年真能不融资？,104,109
这恐怕是市场上最“圆”的车型了，雪铁龙什么设计品位？,107,107
什么是国家宣战权，有何用处，如果不宣而战会怎样？,110,110
致去「2018俄罗斯世界杯」球迷和旅行者的忠告！,103,103
「亲亲户外-活动预告」农夫山泉寻源感恩之旅,108,112
马思纯素颜现身机场 状态不佳显疲惫,102,102
是什么维系着婚姻，又是什么导致婚姻的破裂？（转自知乎）,101,102
活水蓝！品牌力量，无限梦想,104,104
走进最火重庆洪崖洞，为了心中的千寻梦，穿越人山人海来看你,112,108
曾经的著名足球解说刘建宏继离开央视和乐视体育，现在去哪了？,103,109
少女私人照室内拍摄样张11张鉴赏,102,102
开通这个功能，让你的支付宝提现免手续费，可以“随心所欲”？,104,109
为什么约旦首笔中国企业捐助来自马云？,113,109
经费燃烧！爽到极致的重磅巨作，Fate系列的又一巅峰！,102,116
KZ战队被FNC完虐，RNG是否可以效仿FNC禁掉塔姆和EZ，你怎么看？,116,116
有一套500万的房子，每个月出租5000元好，还是把房子卖了用500万去理财好？,106,106
鸡场防疫需要注意什么？,112,106
曲江创意谷到底有多创意？听听5位文创名流怎么说……,104,107
对于杭州摇号买房，你怎么看？,106,106
君学书院2018第二届“龙门节”盛大开幕！,108,103
这个国家的首都最富有 一个城市的经济支撑着整个国家,112,113
甘肃两当最美春耕图——你们才是主角！,115,103
《亮剑》为啥李云龙对魏和尚产生怀疑？不是试探，而是另有原因！,110,110
女团中日决战，丁宁是否上场？刘诗雯迎战石川佳纯？,102,103
丽江本地菜都有哪些代表，好学吗？,112,101
刚刚，空军发布最新消息：大批歼20出海，一律挂实弹！东南方向？,110,110
汽车轮毂上的支柱这么小，为什么能承受汽车那么重的重量？,107,107
如何辨别美丑？,101,101
爱沙尼亚政府项目Estcoins上线,104,113
操作难过很高的4大天王！非神即坑，练好他们排位不忧~,116,116
三种职业类型你属于哪一种，名校生不是最后一种就要被说了,108,108
家属们都来“阿里日”了，洛萨诺也来啦！,109,109
加拿大就在美国嘴边，为何美国没有吞并加拿大？,110,113
汶川地震十年，鄢磊回忆在震区的254个小时（二）,110,108
外国人问：当中国的GDP超过美国后，会发生什么？,113,113
土耳其媒体官宣朱婷正式续约瓦基弗银行，你怎么看？,103,103
为什么清末时面对列强入侵，大部分百姓不会积极反抗？,101,102
草原传统绝技打铁花,112,101
古代人出趟国，要带 9 个翻译？,109,107
互补的人，适合在一起变老,109,106
全新突破 解放军运20版空中加油机曝光,110,110
北京跨世纪洪雨防水工程有限责任公司违反规定使用零散民工被处罚,106,104
机械设计与制造及其自动化专业的学生如何找工作？,109,108
网约车遇害空姐疑为山东鲁能球迷 鲁能将士表达哀思,103,103
成都和重庆你会选择哪座城市定居？,106,106
厦门小学的排名是什么？,108,108
黄埔军校政治部主任周恩来查学生宿舍，学员都敬礼唯独陈诚不敬礼,102,110
印度新德里再遇尘暴天气 大风尘土暴雨结伴袭来,113,113
有村民建2处观鸟台年入20万元,112,104
在英国全班只有我算出7×9，但为何我笑不出来？,113,113
理科生和文科生差别大吗？,108,108
云南最大民营房企俊发谋扩张 要将城市更新模式复制全国,106,112
生活、工作两不误，AI人工智能下的Color OS 5.0效率太出色,109,109
陈数白色夹克配运动裤帅气满分 斜挎包包双手插兜步履轻盈,102,102
榆林市横山区第九共同体英语“同课异构”教研活动在波罗中学举行,108,108
特朗普犯下致命失误，美国迎来最艰难一刻！铁杆盟友已纷纷倒戈,113,113
11年的“东马”，我们真心陪伴！464.145KM的守望，我们从未缺席,110,102
厦门餐饮竞争这么激烈，餐厅如何转型？干货送给你！,104,104
天猫老司机出组合拳玩转型，创新“质”胜成跨境黑马掘金海外,104,104
江苏武进不锈股份有限公司,104,104
运气好！上港状态持续低迷仍坐稳联赛第一，网友：这是实力体现！,103,103
中国唯一一座城市，让百度、腾讯、高德地图都集体“尴尬”!,107,112
地理答啦：少数民族地区发展旅游，有哪些独特优势可以利用？,112,113
为什么在北上广这种一线城市人情味会这么淡？,106,106
三菱Lancer重生终于有明确时间表！转换跨界已成定局,107,103
贵州｜贵阳花溪大学城篮球协会交流赛圆满落幕,103,108
连锁酒店、情趣用品和新零售,109,109
夏威夷6大岛屿所有机场酒店景点均正常开放,113,112
区块链人才需求增长，这些院校将开设新课程！,108,109
此幅行草，含有章草笔意，字形挺秀，具有高旷超逸的神韵,101,108
博瑞GE实测油耗居然才3.9，首批博瑞GE体验者深度解析,107,107
杀完灭霸，是不是漫威宇宙电影就结束了？,102,102
二战时，美国用的枪都能连发，为什么有些日本人用的枪却只能打一枪拉一下枪栓？,110,110
在时速120公里的情况下，拉下车的电子驻车会启动吗？,107,107
双Q传奇001：关于婚恋，上世纪七十年代农村小男人最担心什么？,115,115
北大校长道歉信忽略了一点：成全众望才赢得众望,101,101
穷游的意义是什么？,101,103
避震时身体应采取什么样的姿势比较好？,110,112
人生若如初相见：易连恺大娘把他娘埋在绣球花下，是这个原因！,100,104
如果詹姆斯和威少互换球队，今年季后赛会有什么样的状态？,103,103
在上海上一个普通二本大概需要多少分？,108,112
上联：春夏秋冬发财，东西南北无死角。如何对下联？,101,101
乡亲们，你家厕所改造了吗？4000元补贴，教你怎么拿,115,115
电磁炮时代即将到来：口径即正义，真理只在射程范围内！,110,115
松涛奏琴风长起，如何对下联？,101,101
关于微软新推出的Your Phone App，还有这些细节你需要知道,109,109
2018“中法文化之春”西南地区系列活动在蓉启幕,101,112
如何评价2017-2018赛季猛龙队的表现？,103,103
林丹着短袖T恤搭休闲裤酷劲足 见镜头嘟嘴手插裤袋疾走潇洒帅气,103,102
宝马今年或将创造新的收益纪录,104,107
为什么韩国、越南可以在几十年就把国家文字和语言更改了？,101,113
天天炫斗游戏视频网络手游,116,116
郑州出过哪些当红明星？,103,103
南宁月薪多少才能算是中等收入？,106,106
为什么那么多人想当兵？,110,115
「房车生活」2017年6月2号，梦想成真的一天,107,107
赵雅芝卸妆后，闫妮卸妆后，杨钰莹卸妆后，网友：就像换了张脸！,102,102
美国耗费20年加上千亿造隐身战机，中国一土疙瘩就让他们哭不出来,110,110
买家付了款却没有购房资格，卖家能解除房屋买卖合同吗？,106,106
你这么聪明，难道要输在气质上？,108,102
传统传媒行业不景气 媒体毕业生何去何从？,108,104
46吨老飞机换装极速导弹 一小时把航母战斗群送入海底 无解！,110,110
总领事蓉漂四年舍不得走 最爱带娃逛公园,112,112
如何随时听录音，用什么软件可以经常听想听的录音？,109,109
高考后辍学一年，想考三本院校，有什么途径？,108,108
美国经济的基本面到底有多“好”？,113,104
大飞机未来能否实现垂直起降，你怎么看？,109,110
克隆小龙虾正在全球大肆扩散——是吃货福音，还是一场生态灾难？,113,115
笑掉大牙！美军飞机又发生事故，扭断加油管原因为何？,113,110
几款值得回味的童年小游戏，你还记得吗,116,116
DNF：10周年庆难道又要送艾肯吗？网友：策划你别失了智,116,116
怎么看待《最强大脑》李威？,103,103
往事如烟，如果这些老牌“名烟”都认识，那绝对不是一般人！,110,107
2018蚕茧收购价暴涨，又创历史新高,115,115
代刷网的钱可以提现到QQ吗？,109,104
新房价格备案后不得上调,106,106
「ATAC币今日开盘」新用户官方送10币，每币价值6元，可随时卖出,104,104
亲近孩子：教育孩子有方式，三种途径让你与孩子更近一步！转发！,108,108
8块钱抱团去旅游嫌白饭配腐乳被导游骂究竟谁错谁对呢？,112,112
皂吏是个什么官？,113,109
发展中的贵阳，居家创业你对这个后发赶超的城市怎样认为？,106,109
高增长的云计算业务打破科技股见顶谣言！,104,104
当吉克隽逸穿上这身破衣裳，网友直呼：毁三观！比吴莫愁还辣眼！,102,102
汤普森一席话让勇士管理层吃下定心丸，杜兰特：球队只能留下我！,103,103
全面落实《指南》精神 打造游戏学习型区域,108,116
沈飞曝出许久未有的喜讯，成功斩获国家级大奖，央视给出高度评价,110,115
你的爱豆有哪些让你哭笑不得的窒息操作？,102,116
杨洋最新帅气写真高清图集,102,102
工业类型的机器人未来拥有充足的市场！,115,104
贾跃亭回来了！旗下FF汽车在广州成立销售公司，产品将登陆中国,107,104
11至13万买什么SUV最好？,107,107
短线妖王：多头聚集力量上攻 5.7原油70或只是个开始,104,104
茅台酒为什么这么贵？,104,110
小红唇应邀参加北京工商联“榜样传承 青年担当”活动,104,101
文创手绘地图让人“想到北京看看”,101,112
乌兰巴托走进内蒙古开展旅游推广交流活动,112,112
霍思燕：出席活动，网友：又胖了不少，杜江你是怎么喂的？,102,102
油价涨，房价涨，为何股市却不涨？,104,106
湘西赶尸是谣传还是确有其事？,110,103
大唐电信于高通成立芯片合资公司，对大唐电信有利吗？会不会是扼杀中国芯片的阴谋？,109,104
裸车不管高低配，装今年流行的车载神器，瞬间有豪车感，实用档次,107,107
原来OPPO手机网络信号差的要死，多数人没打开这个设置，网速飞起,109,109
大仲马说，埋两个吧！,113,113
如何看待B站拒绝在视频前添加60S的广告而被动漫商下架番剧？,102,116
2018最佳求学城市排行出炉 澳大利亚两城市跻身前10,113,112
蜂王活体长途运输，商家如何保证蜂王不死亡？这招很厉害,115,107
太激动：王大雷助攻佩莱，绝平权健，太太天团惊艳,103,103
第五人格：神坑的机械师，一个举动直接将胜局变为平局,116,116
棉蚜发生及防治适期预报,115,115
上联：一度春风一度愁，黄花落尽，如何对下联？,101,101
隐藏菜单不止奶茶店有营业厅也有啊！,109,112
李嘉诚纵论天下：备战2019，这些行业抓住了，新的财富榜上有你！,109,104
“戏曲进校园”活动走进淅川县上集镇镇直小学纪实,101,101
美刚退出伊核协议，这个国家就被吓得“打开防空洞”,110,113
动画《红莲之王》7月开播！使用与游戏相同的声优阵,116,116
琅琊榜：他默默无闻，却仅凭自己的感觉，猜出梅长苏不是辅佐誉王,102,102
快手网红杨清柠再被扒，晒照秀“纹身” 网友：看位置知人品,107,102
人生起点的不公平，只能让我们选择当富二代的爹！,108,101
正面交火已开始！伊朗发射多枚导弹袭击戈兰高地，以军猛烈反击！,110,113
泰国普吉——安达曼海上艳丽的宝石,112,113
中国游戏发展为什么一直不如国外游戏？,116,116
小伙20万做三层自建房，看这柱子地基，给我十个胆也不敢拿来住,115,106
合同即将到期的帕森斯在社交媒体晒出疯狂训练照片，你怎么看？,103,103
高速公路上安装这装置，车祸死亡率降低90%，已获得22项发明专利,107,109
刘志轩为大韩送生日祝福 曝新外号大连古天乐,103,102
国内10个最适合小住几日的地方,112,112
世界上第一位女性王牌飞行员，飞行技术连男兵都不如她,110,113
谁是足坛现役最强9号球员？,103,103
上海最有钱人不住在陆家嘴，居然是在这三条马路,112,112
区块链游戏是什么概念？,104,109
探访福建千年古村——将乐良地村,115,101
乐视如果倒闭了，家里买的乐视电视怎么办？,109,104
为什么高晓松说“犹太人控制了美国”？,104,113
metegala主题宗教时尚，诸神降临，看谁的造型最辣眼睛,101,102
在外地有教学点的MBA院校,108,108
国人兴奋！最新改型的歼10C正式服役，采用无源相控阵雷达！,110,109
幼儿园大班必读世界经典绘本,108,108
汽车轮胎经常卡石子，需要扣掉吗？大部分车主都做错了！,107,107
凌渡丨丑小鸭华丽转身，完美逆袭白天鹅,107,103
看不懂的乱，一龙惨败西提猜恐准备退役！网友：够本了，该休息了,103,102
DNF 85史诗改版 这两件装备将上神坛！,116,116
如果美国打伊朗，最快可以多久解决战斗？,113,113
在中东地区，以色列最怕哪个国家？,110,113
中飞院春季招聘！总有一款适合你！,108,107
解放思想，为自由而奔放,113,113
最有信心的合资车，外观碾压迈腾，内饰科技十足，车标是国人最爱,107,107
上联：绿水小桥一壶酒；如何接下联？,101,101
天下第一村：每家每户开豪车住别墅，如今却负债累累！,115,115
农村彩礼要三斤三两的百元大钞 大概有多少钱？,101,115
跆拳道高手瞧不起高校女孩，没想到女孩一等一的高手，反击漂亮,102,102
强如詹姆斯，竟也有一项数据全联盟倒数第一！,103,103
共享电动车入驻太原后价格也引人注目，你怎么看？,107,107
mm2与韩国CJ E&M 合拍六部东南亚电影,102,113
竟然不知红楼梦里通灵宝玉应该是什么颜色？连新老电视剧都搞错了,101,101
如何看待联想要首发高通骁龙855？,109,109
魔力金融：为啥积分现在越来越不值钱？,104,115
武汉区域赛开战了！决赛冠军将入围华西大区赛,116,106
尼古拉雅罗申柯，将军中最会画画的那一位！,101,102
小米上市或将推动北京房价火箭般窜升？网友：并非杞人忧天,109,106
巡狩与中国早期国家治理,101,110
高通那么厉害，为什么要卖掉自己？,104,109
多开分身，伪装机型登录王者荣耀，账号会不会封号？,109,116
第四届大书城精英荟在深圳举行,104,104
叙利亚7名功勋防空兵遇袭，策划袭击的摩萨德到底什么来头？,110,110
柳传志：我有一个奢望,109,109
台湾LED芯片巨头晶电再度发动LED灯丝灯专利攻势，控告美V-TAC侵权,104,107
农村老年人，用了20年的碗是什么样子？这样的生活是什么味道？,115,115
《王者荣耀》里的排位赛如果可以禁三样装备，你会禁什么？,103,116
粤西下月将结束没高铁历史，大家可以在广州坐高铁去茂名摘荔枝了,112,112
俄罗斯已无退路，背水一战方能赢得生存的机会,113,113
这才是生意人,113,104
如何评价郭沫若？,101,101
《DNF》玩家：全账号26个小号拥有本命荒古，这个号到底能值多少,116,116
帕特里克-帕特森发推为凯西教练鸣不平：他是替罪羊,103,103
黄山“迎客松”入选“中国最美古树”,101,112
和最铁的哥们打游戏是什么感觉？,116,116
孕妇隐瞒自己是艾滋病人的事实，导致接生的医生也感染了艾滋病毒，你怎么看？,113,110
奇瑞令人想不到的副业：建军舰、造飞机，海陆空全面发展,110,113
快看！泸州小朋友把“家风家训”画出来了,101,101
「语C圈」是什么圈？为什么很多00后在玩？,116,112
印度又被俄罗斯坑，运输机项目出局，这不是第一次了,113,113
离了婚的女人不堪吗？采访了十个未婚男士，听听他们的看法,102,102
搭讪小技巧，保你受益,108,104
为何现在无房无存款还买车的人越来越多？,107,107
快递薪资大起底：顺丰高管分红最壕 申通员工降薪最狠,109,104
被称为“遛娃神器”的安全绳出事了！这些育儿神器你还敢用吗？,102,107
上联：双肩挑世俗，怎么对下联？,101,101
美国在冷战时一呼百应，为何现在盟友纷纷和美国步调不一致，为什么会发生这种事情？,113,110
《破冰者》靳远终于成功为父报仇，黄队说出内鬼实情,113,110
券商、交易所携手“捉妖” 涉及频繁异常交易等将被重点监控,114,109
澳大利亚拨款50万美元研究政务区块链,113,104
咬碎钢牙！“宇宙勇”我们来了！,103,100
游戏回忆杀：这些似凉非凉的游戏,116,116
各国阅兵队伍：美国“寒酸”，俄罗斯最“艳”，印度“高技巧”,113,113
怎么看待青岛大虾事件之后再出帝王蟹？,112,113
美国输掉的总统候选人为什么不继续参选？,113,113
去泰国旅游个人落地签到底带多少钱？,113,112
补齐乡村振兴产业短板,115,115
高速公路服务区水泥地面起皮用哪种修补剂好？修补价格多少？,107,107
历史上的陕西女首富周莹一生守寡，她死后的巨额家产都去哪里了？为什么她没能进吴家祖坟？,102,101
微软曾经也是游戏界霸主，现在吃鸡游戏火热，微软会不会也跟风？,109,116
易订货CEO冯颉：不要为了新零售而新零售，提升客户价值才是王道,109,104
龙岩5名学霸通过清华北大2018自主招生初审，来自哪个学校？,108,108
天桥百年“老上海”露真容 华康里、泰安里将原貌修缮,106,101
以色列不顾海牙公约，使用新型碎骨蝴蝶弹，还用燃烧弹炮击医疗点,113,110
水箱开锅啦！怎么办？,107,107
从身家百亿到仅剩2000！这些大佬的背后，都有个怎样的女人？,109,109
农村光棍“危机”！为什么大部分光棍都在农村？国家只能这么做！,115,115
吃鸡里用平底锅挡子弹，真的科学吗？,116,100
美联储5月不加息影响几何,104,104
宋祖儿和关晓彤两个相差不大，对男友天壤之别，一个清纯一个奔放,102,102
汶川10年，不曾忘记更要好好活着,107,102
新开的淘宝女装店怎样才能更好的引流？大家都喜欢怎样的风格的女装？,109,109
老婆害喜，我在卫生间门口，无意听到她和表哥对话，我的脸白了,100,100
绝地求生中有机枪吗？,110,116
哪些渠道可以买到正品的耐克和阿迪达斯？,103,109
楼市“证”当道，莱芜高新区新项目，城发凤凰城批后规划出炉了！,106,104
2017新蒙迪欧值得买吗？,107,107
哈弗H7和本田CRV，怎么选？,107,107
上海周边-清华北大对口学期房-单价9300元,106,108
vivo X21为有车一族定制了AI智能化功能！连汽车大V都被深深吸引,107,109
美国正式废除网络中立 企业多花钱可走网速“快车道”,109,113
于朦胧：兜里揣着归属感就能浪迹天涯,108,107
广告音响在审美功能上大体可分为以下2种类型,112,108
奥迪家族的最强猛兽，它的设计算不上漂亮，甚至有点平庸,107,107
文彩元确定出演新剧《鸡龙山仙女传》,102,102
潜江：田养虾 虾促稻 虾肥稻更香,115,101
最温暖的是家，最牵挂的是妈,100,102
怀集民间“开春煎春”，有人知道吗？,102,112
南靖举办第五届妈祖文化节,112,101
美的智能家居宣传片华丽来袭，原来生活可以这么智能，太开眼了,109,109
国通星驿发布通知；北京部分银行上调首套房贷利率,104,104
世界十大武装直升机战力排名，中国武直10强势上榜，国人倍感自豪,110,110
为什么康乾盛世又称红薯盛世？康乾盛世时普通百姓生活水平到底怎样？,115,102
三大脑炎症的鉴别与诊断都在这里了！,115,109
你不是我的紫霞，我也不是你的至尊宝 只怪造化弄人！,102,116
双重内陆国是什么意思？哪些国家是双重内陆国？,113,108
「解局」特朗普为啥又跟伊朗掐上了？,110,113
DNF韩服抗魔值实装卢克并加入恍惚三神器 为什么送艾肯懂了没？,116,116
宝骏530和长安新款cs35该选哪个？为什么？,107,107
照片：二战战舰“朱诺号”残骸被发现,110,110
上海要新建或升级的哪些文化场馆和公园？,106,112
为何法国巴士底狱暴动解放的人数竟然只有7个？,110,113
鬼谷子话术，一句话教你不被别人牵着鼻子走,108,102
青岛西海岸新区东西区之间联通道路太少了，有没有打通小珠山隧道的计划？,109,112
舒淇出席活动，网友：要是剪掉这两根绳子会怎样？,102,102
宝马试点区块链，追踪租赁车辆里程,107,109
携程专车将在重庆、成都上线，主要于机场、火车站接客,112,112
丈夫死后，“千古第一才女”出上联来征婚，不料被一和尚对出,101,100
《西游记》是以取经为核心的，为什么不叫《西天取经记》？,101,101
如何看待这两周A股的走势？,114,104
老道见到光棍后哈哈大笑，光棍问他笑啥，道士：你3天内必娶媳妇,100,113
数字货币资讯：Facebook将推出加密货币,104,109
上联：红楼藏宝玉，下联怎么对？,101,101
怎样才能轻松、自然、不费力的养成读书习惯？,108,108
大连青岛厦门，哪一座城市空气最好，最适合人居？,106,112
易烊千玺代言 天猫App强化独立运营正当其时,109,102
小宋是个好同志，就是有点臭,101,102
中国又一铁哥们儿，不是巴基斯坦，如今与中国一起对立日本,110,113
英国女子买不起房，花一百万装成水上豪宅,113,113
新车售30万起一天就卖出1800多辆，难道是冲车标而来？,107,107
利好！华尔街对待数字货币态度回暖,109,104
“走崖壁爬藤梯” 易地扶贫 崖壁求学路即将成为历史,108,115
上港大腿无缘首发 奥斯卡正式复出！鹿岛鹿角全日班仍需警惕！,103,103
管理是什么,109,109
“蜘蛛侠”花费一整天为流浪狗找主人，善良又可爱简直暖哭网友,102,102
唐艺昕、赵丽颖同框照，网友：确定不是故意调成这样的？,102,102
个人隐私被“盗走” 央行“封杀”代查个人征信APP,109,104
农民最关注的的宅基地继承问题，到底能否成功转给子女？,115,115
为什么凯立德导航的存在感比高德地图弱了那么多？,107,109
为什么哈尔滨的文庙没有大门？,112,101
男子野外发现一废弃老房子，进去看到楼梯间后，男子吓得转身就跑,113,113
敢这么用空调？简直废了你的车,107,107
“大手拉小手、积极献爱心”帮扶贫困生活动纪实,108,102
重点关注龙头个股，如恒泰艾普、仁智股份、石化机械、潜能恒信等,104,104
穷小子助黄半仙修炼成人，最终得以善报,100,100
《绝地求生》中，如何做到无装备零杀吃鸡？,110,116
股价八连涨！从菜鸟洲际航线看阿里的梦想落地力,104,109
大家如何看待田英章弟子退出田门这件事？,102,101
如果海湾战争美军面对的是苏军，结果如何？,110,110
经常和哈登在场上吵得面红耳赤！保罗：对他有一点我一直不满,103,103
如何评价墨西哥著名女性艺术家弗里达？,101,113
意外？俄军苏30“突发”坠机叙利亚！飞行员惨死,113,113
IPO观察｜雷军如何应对资金压力：小米上市前“自融”50亿,109,104
刚刚，土耳其向美国隔空喊话：若禁售F35战机，必采取报复行动！,113,113
日本有一支“姬百合部队”，战前被骗战后更是凄惨,110,110
英国版《变形计》：富二代体验穷人生活被蜘蛛吓跑，改住豪华酒店,113,113
古代“八百里加急”会死人吗，马能跑多快，能一天到达目的地吗？,110,101
我国最先进的几种枪械，至少有两种达到了世界先进水平,110,110
为什么现在越来越多的人不给老人让座了？,101,109
计算机行业能涉猎到什么领域？,109,109
《创造101》能否创造出中国最强女团？听听网友们怎么说,102,102
妻弟公司破产，我拿十万换来一套旧桌子，没想到惊喜来了,100,104
王者荣耀三冠王QGhappy会保级吗？,103,116
迪拜揭秘：游客眼中的天堂，居民心中的炼狱！,112,112
陶朗推出新一代Nimbus BSI分选设备,109,107
你听过最好听的名字是什么？,103,116
吉利4月销量再创新高，周末云南吉沃通等你来战,107,107
如何在未来五年赚到五百万？,109,109
他穿着一双借来的球鞋，在那一届世界杯创造了空前绝后的纪录！,103,103
还在为项目发愁么？简单的小项目也能实现你的创业梦！,109,109
世乒赛后，张继科的排名下降到了167位，你觉得这合理吗？,103,103
延安：富县81个村将实现天然气入户 惠及农村居民8万余人,115,115
《挪威的森林》讲述了一个什么故事？,100,102
婆婆有没有把你当成一家人，这3个方面很清楚了，装不出来的,100,100
抽了几十年的香烟，看完才发现烟盒上还藏着一个小机关，太实用了,102,109
玉米短期难以走强,104,104
泰国留学怎么样？,113,113
版面导览丨中国食品安全报第3018期版面,104,113
笑笑宣布离婚：人命关天，各位兄弟也别说啥了,102,102
《三国》中的吕布真的无人能敌吗？,116,101
双离合问题多，国产车为什么还要偏爱双离合？,107,107
2018斯诺克世锦赛闭幕式上，国际台联主席巴里赫恩为什么点名批评丁俊晖？,103,103
他少做这件事，29吨货全翻了！还差点……,107,110
一分钟看懂武汉楼市：本周10盘入市，葛店加入抢人大战！,106,106
闲聊金庸：男二号长得帅也死得快,101,102
现在手上有钱是投资买房还是存钱？,104,106
朱婷留洋第二季，收获四冠凯旋归国！,103,102
意大利发生一起2车迎面相撞严重交通事故 造成3人死亡,107,113
这国家民众幸福感是世界之最，几乎路不拾遗、夜不闭户,110,113
雪佛兰探界者1.5t的家用够用吗？,107,107
神话美术创作，应该画出一种生命的涌动,101,102
外卖小哥的故事,100,101
哪有免费学习的网站？,109,108
自动启停功能真的可以省油吗？,107,109
东南DX7 Prime 先锋试驾,107,107
太合音乐承办北大120周年校庆“最华美原创音乐盛典,102,101
谁还说国产就是垃圾？奔驰采用国产电池研发兴能源汽车,107,107
黄子韬《创造101》变灌篮高手球场大显身手,102,102
富二代寄住别人家，一上桌就全盘扫光，众人看得眼珠子都出来了,102,100
中国的警用新型冲锋枪-JH16-1性能怎么样？,110,110
90后“牛羊倌”返乡创业巧脱贫,115,115
90后大学生自主创业 三个月实现每月数万的收入,108,104
房地产翻倍涨价，实体经济却不好做，你怎么看待？,106,106
武汉首创公积金调额、深圳龙华22项目动工、恒大布局长租公寓,106,106
读“生活不止苟且，还有诗和远方”,112,104
维和部队在非洲种菜他国眼红 吃不完就送巴铁 感慨非洲土地肥沃,110,113
现在有什么电视剧比较好看？,102,102
这是王思聪的手机号，你能打通吗？有钱人连手机号都跟我们不一样,107,109
漫威那么壕 为什么不来中国买房,102,106
高一转专业学习音乐，准备考音乐学院怎么样？,108,108
令国人引起为傲的“中国新四大发明”，居然都是老外玩剩的东西？,109,110
隐居深山，三万代理，日入几十万！,116,113
孙河水木终如约｜北京壹号别墅区，等来了他,106,112
RM.ep400预告图：代替你去旅行吧！寒噤！,102,112
途观好日子到头了，豪华进口SUV仅售22万，还买啥汉兰达！,107,107
去岳母家接老婆，岳母塞张纸条把我赶出门，看完后我感激岳母,100,100
下一步创富的机会是在农村吗？,104,115
张雨绮气质亮相，网友：穿这种裙真的不怕摔跤吗？,102,102
"爱因斯坦说：""下一次世界大战将用石头打仗。""如何理解？",101,110
地产大数据公司云房数据获2000万元A轮融资,109,104
跳水系列赛喀山站落幕 中国队收获7金,103,103
5G投票门，联想应该如何应对？,113,109
2000亩竹林一年5万租金划算吗？,115,107
问答：小伙伴们知道么？,109,112
咱泰安人快看！洗肺又养眼，泰安这些地方的清新都要溢出屏幕啦！,112,112
如今农村合作社太给力，地道特产、野味、腊肉都能网购，便宜好吃,115,115
上联：为人民服务，下联如何对？,101,101
43岁的贝克汉姆在生日当天被自己的孩子们暖哭了,113,103
如何评价：刘姝威的《严惩做空中国股市者》？,104,114
为什么《红楼梦》里贾宝玉叫王熙凤姐姐，而不叫嫂子？,102,101
丰宁草原，国家5A级景区，夏日平均气温为17.4℃，非常凉爽！,112,107
孩子能不能成才，就看父母这3点！,108,102
土耳其称若美暂停军售将采取报复措施,113,110
沙特王储小萨勒曼访美与特朗普会谈，将对俄罗斯、伊朗产生什么影响？,113,113
农村河边垂钓，看到这些捕鱼工具，劝你赶紧收杆走人,103,115
任天堂新社长欲进军中东市场 对次世代已有计划,116,104
明日（5月9日）鸡蛋价格预测,104,104
笑了！无人做“接锅侠”，老白的下家到底在哪里？,103,109
「红色五月」“红五月”合唱节 唱响绚烂青春,102,110
贾跃亭要归来了，FF 91抵达北京,107,109
美团打车在上海运行得怎么样？,109,104
他的演技，归功于他身后的三个女人,102,102
如何做一个清醒梦？,100,101
乐视可以靠胡歌的《猎场》翻身吗？,109,104
「官方福利活动第九期」走读琼山区美丽乡村 摘串火红荔枝碰嘴,112,115
呆妹儿小霸王黑历史7分17秒不雅视频流出是真是假,102,109
现在A股有哪些值得买入并中长期持有的股票？为什么？,104,104
提车时，4S店说少开发票金额的话可以省购置税，是真的吗？,104,107
怎样才能避免买哪双鞋，哪双鞋“倒闭”？看这篇文的80%都学会了,104,104
车窗装雨眉好吗？,107,107
知识清单：如何做好卡系统的日常运维,104,104
中国人要去俄罗斯修地铁了，俄媒：中国建设效率全球闻名无人能及,110,113
23岁白雪公主爱上33岁小矮人：生是他的人，死是他的鬼,102,102
“数字文化城市”解决方案亮相第十四届文博会,104,101
“网聚上海·美丽滨江”上海互联网企业文化活动在黄浦举行！,106,112
人生没有过不去的坎，只有过不去的人,108,102
小米7支持5G吗？,109,109
去泰国，自由行好还是跟团比较好？,113,113
红旗H5市场价确定，价格低到大家可以接受的地步,107,107
13年等1回！41分生涯新高！西决地板保罗来也！,103,103
翟志刚，母亲卖瓜子供他读书，神舟七号飞船指令长，少将副军级,110,108
36只梅花鹿学习“野外生存”,115,108
面对网联马云束手无策，支付宝于网络达成合作,109,109
One Show中华青年创新峰会首站活动落地佛山高新区,108,104
蒙古有多少海军？,110,110
你心目中的中国十大城市是哪些？,112,113
还没上市就被打入冷宫，发布14天订单却超7500台,107,116
白冰冰送别母亲 悲叹母亲节将至妈妈却已不在,113,108
西决最新赔率出炉，你怎么看？,103,103
如果中国女足和男足踢一场比赛，哪方会赢？,103,103
「三十分说球」我，卡佩拉，饼皇，打钱，顶薪,103,103
国家批准唯一的国际旅游城市，至今接待了160多位外国元首政客！,113,112
快来认识一下你最近在正吃的蔬菜吧，很多人都认不全！,115,107
油改气车用气瓶能耐温多高？,104,107
有冠军相没有冠军命？杨文昊输了冠军赢得他！,102,103
刘强东：“二选一”致京东服装增长停滞 与唯品会存“目标销售额”,104,109
美国阿波罗登月究竟是真是假？,109,113
如何评价《飘》中的黑人保姆？,101,113
想要打败以色列有多难？,113,110
日防长：日方依然警惕中国加强军力,113,113
60页重磅报告：小米成长之路、商业模式与未来机遇研究报告,109,109
买SUV汽车30万预算，哈弗H9还是福特锐界,107,107
不动产登记可以“一窗受理”了，全省率先！,106,104
上句:一牵手就是一生。下句？,112,110
师出有名，给领导一个收下礼物的理由,101,108
50平方米，860万元！香港市区重建局天价收旧楼,106,104
沉淀八年 李腾一全新音乐专辑《22度》上线,102,102
一颗星星距离地球n光年，它的光走了n多年才来到地球的吗？我们看到的是即时位吗？,102,110
新迈腾保养选用什么型号机油比较合适比较好？,107,107
“80后”占据农民工半壁江山，有惊喜、有变化、有期待,115,100
国学经典、禁毒宣传教育走进衡阳县洪市中学,108,101
突发丨71.5亿美元！雀巢拿下星巴克零售和餐饮产品业务,104,104
西海课堂之婚姻十答十问,108,108
距离这根绳子，维系我和故乡的情感脐带,101,115
为什么农村人喜欢认“干爹干娘”，这个习俗是怎么来的？,115,115
iPhone SE2尚未量产：或无缘WWDC，9月见,109,109
睿骋CC市场表现究竟如何？谈谈车主的真实感受,107,107
猛龙贵为东部霸主再次被骑士3-0命悬一线如被横扫，算不算是骑士爆冷黑八奇迹？,103,103
没看错啊，这灵饰戒指确实是4个伤害加成，为何不值钱呢？,116,115
大学中庸小五月，如何接句？,108,108
物联网改变教育和学习的五种方式,109,108
硬汉SUV大杀器奔驰全新G级，网友：只能中彩票才能买得起大G,107,107
长三角医疗联盟是如何“共享医疗”的？,109,104
为什么美国总统就职宣誓手按《圣经》，而不是他们的宪法？,113,113
《我的世界 Switch版》6月21日可升级为通用标准版本,116,116
Telsyte调研澳大利亚VR头显市场2017年增长40%,109,104
符合这些条件，警校或普通大学毕业，你可以直接成为武警警官,108,106
崔泰俊与好兄弟聚会 女友朴信惠西班牙独乐,102,100
猪价什么时候会回升？,115,115
买房之后，“房奴”们都过得怎么样了呢？,106,106
曾经是奥迪A8的竞争车型，现在降价至35万还是销量惨淡,107,107
传奇的凯末尔！,113,106
「碧桂园信鸿铜雀台」麻涌经济走廊，了解一下？,107,104
第74届中国教育装备展示会将在成都举行,109,104
滴滴师傅晒差评：第一个最让人无语，第三个看着让人心疼,109,102
0-6个月小宝宝，尽情的宠她吧，别担心“宠”坏他！,108,102
四川仪陇：61名外国中高指挥军官齐聚朱德故里参观见学,101,108
《西游记女儿国》电影怎么样？,102,102
农村什么时候房子能自由交易？,115,115
雷凌，卡罗拉，明锐怎么选择？,107,107
征召禁选荣耻观 理性排位更可取,116,103
YARiS L家族首付1.6万元开回家,107,106
实体店的生存之战：每一种存在都有意义,109,113
为什么罗斯福新政时宁愿把过剩的牛奶、棉花扔掉也不免费分发给穷人？,113,113
吴小平：制造业创新个个有功，而金融创新几乎一定涉灰，就是这样,109,104
和尚胆大破戒，公然在电梯和女子撒了一波狗粮，让人看傻了眼,113,106
MSI季中赛RNG对战KZ时战败，是谁的锅？,116,116
这场饕餮盛宴，全亚太地区最会做饭的人都来了！,103,104
我的世界1：初入荒岛，为什么我半小时建的房子，怪物想进就进？,116,106
农民2018年土地确权后，20岁以下没土地的人怎么办？,106,106
热 火 胜率超前的本赛季英雄前榜,116,103
南京长江路附近有什么好玩的地方？,112,112
帝盛房车居然还能泡温泉 看国内首款自带温泉池的房车,112,107
"Sony aibo 出货 11,111 台，供不应求将增产",109,115
买车上牌，还要多花近10万！国内车牌最贵的5个城市,107,107
宁波的地理位置和历史文化都很好为什么GDP达不到万亿呢？,109,106
香港十大超级豪宅，第一豪宅竟属李嘉欣夫家，赌王仅排第七！,102,102
凯尔特人双探花49分让76人休假 恩比德赛后一举动惹非议,103,103
股权趣谈｜《那年花开月正圆》力挽败局的银股制，套路满分,102,103
毕淑敏：告诉孩子，有三件事儿不能俭省,112,108
个人对于8日大盘预测,104,104
岂止鱼水关系？“疯狂物流节”见证制造业与物流业融合共赢,104,109
联想把5G关键票投给了高通，掀起全国的舆论风暴，企业有权利按照自己意愿决择吗？,109,109
心疼那个抱着大米奔袭的家伙,110,102
李易峰、周杰伦最新综艺来袭，两大阵营，争夺最强天团,103,102
如何评价文章《腾讯没有梦想》，腾讯是否真的在丧失产品能力变成投资公司？,109,109
荣耀10、oppoR15和vivoX21哪个更好？哪个更值得购买？,109,109
山东与华为签署战略合作协议 推进山东新旧动能转换,109,104
为什么阿里巴巴是唯一受邀参加中国品牌日的互联网企业？,109,109
怎么辨别小说的文笔好坏？,101,101
美媒晒科比为凯尔特人试训照，绿军当年选了科比会怎样？,103,103
亚索大招落地吹风怎么做到的？,116,116
始建于清乾隆年间的雕花楼，被誉为“江左第一楼”，处处显别致,101,110
学剪纸，学跳舞，文化惠民丰富了银木村村民的文化生活,101,112
从相爱到相杀 币安赵长鹏回应红杉诉讼一案,104,104
为什么说马克思是近代最伟大的思想家？,113,101
史上飞的最远的子弹，飞了多久？说出来你可能都不信,110,110
如何看待印度政府称中国手机窃取信息，开展大面积审查这件事？,109,109
《人尽皆知》戛纳开幕放映 全体起立鼓掌五分钟,113,102
《我爱你，中国》节目 展现爱国奋斗的青春,110,102
惟妙惟肖，栩栩如生，幻由心生，《壁画》之一，美女成真,112,101
美国《纽约时报》称“美国总统特朗普要求五角大楼做好准备裁减驻韩美军”，你怎么看？,113,113
我怀孕，小叔给我三只鸡，听到婆婆谈话，我给了小叔二十万,100,100
山西省首家洲际酒店开业 强强携手助力太原新发展,106,112
NBA最让你感动的瞬间是什么？,103,103
特朗普退出伊核协议对中国股市有什么影响？,113,104
假如汽油车不卖了，你没准只能从这些车里选,109,107
独家重磅｜一汽、东风、长安合并，已是在弦之箭,110,107
现在手里面有两万块钱的闲钱，不是很多。这笔钱怎么在一年时间内赚最多的钱？,104,104
Build 2018开发者大会：微软宣布Win 10用户量破7亿,109,109
五六月煤市保持平稳港口煤价不会大幅上涨,104,104
一加5T出来了，还要买mate10吗？,109,107
一汽“丰田荣放”明日下线！自动驻车+无钥匙进入 油耗6L 仅9万起,107,107
俄罗斯还会继续衰落下去吗，它的结局是怎样的？,113,113
法国凭什么是五常之一？,110,113
河北省中等2本学校有哪些？,108,108
《魔道祖师》女主宣璐，颜值真是太高了，可千万不要被骂~,102,102
重庆两江吧看风景，站得高看得远看得全，原来网红都来这里夜生活,112,112
巴菲特38次提及“中国” 称比特币是“老鼠药”！,109,104
置顶未来生活方式 全新一代X55算是头一份,109,107
MISS成为虎牙牌面？出席纽交所为虎牙上市敲钟,109,102
加拿大央行和多伦多证券交易所认为区块链可以用于即时证券结算,104,104
福建第一位状元是哪里人？,104,104
去乌克兰旅游需要多少预算？,113,112
你知道吗？安徽除了有黄山，还有座“西黄山”,112,101
「车轮上的生活」第三篇：寻路记,107,112
美国宇航局：2020年要在火星上飞无人直升机,109,113
中国援菲饮水泵站项目举行开工仪式,113,108
女子国际象棋世界冠军赛第五盘：居文君告捷 领先2分结束上半程,103,103
乌克兰前总理亚采纽克当初为什么下台，他现在还好吗？,113,113
他的糖浆是你的砒霜——《知情识趣》,102,108
现任民航客机中飞行速度最快的是哪一款机型？,113,110
大田县屏山乡茶美人景区生态茶园茶农采茶忙,112,115
马斯克宣布将开设糖果工厂,104,109
这个“国家”穷得只剩下钱，家家户户以卖钱为生,113,115
中国首次披露远轰正面轮廓 绝密项目高调官宣,110,110
第六套人民币是数字货币？第五套人民币永不退市？,104,104
高演，北齐王朝的唯一正常人,100,104
广东话里“老豆”的意思你能理解吗？,102,101
留学生一年要花多少钱才能在美国生活？,106,113
希拉里又鼓吹中国威胁论 被她表扬的学者竟这么黑中国,113,110
日本人看到中国的抗战剧，尤其是抗日神剧是什么反应？,110,110
明清出现的火耗银指的是什么？,101,101
斯柯达明锐、朗逸和轩逸三者相比，该怎么选？,107,107
为什么有些犹太人长得像非洲人？,113,102
结婚37年了还坚持穿情侣装，这对日本时尚夫妻，真的太甜了！,113,102
143名外交官被驱逐要开战？俄罗斯“死亡之手”末日武器震慑西方,113,110
这是一个没有国籍的海上民族，渔民为了谋生从小就要自毁耳膜,112,102
书法｜虞世南、褚遂良、赵孟頫临摹的《兰亭序》你喜欢谁的？,101,101
邯郸旅游哪里好玩？,112,112
飞神房车接受CCTV专访,107,107
孙悟空被压五行山下根本不是打赌输了？而是如来有句话骗了他？,102,102
湖南第一高楼建成开业 主塔楼高452米,104,104
守望乡土，辛劳朴实！——王立宪农村风情油画！,115,115
报警灯亮了刹车片就要更换吗？,107,107
「里程碑」Knight达成700击杀里程碑，XQ七百杀双子星,103,103
武磊在中超第十轮对贵州恒丰的进球，水平如何？,103,103
龙城之巅见证伟大,106,104
淘宝今天15岁！淘宝什么变了？什么没变？,109,109
冯晶：从哈佛“学霸”到西部高校青年博导,108,108
欧盟GDPR合规如何改变数据保护流程的常见问题？,113,115
带江字的省份发展：”一半欢喜一半忧“,109,104
恶毒继母一刀剪伤继女，没想到刚好被老爷撞到，当场慌了,102,102
现在农村建房还有价值吗？,106,115
看被称为旅行专家的途安L是如何诠释“车之道，唯大众”的内涵,107,112
农村亲戚来访，孩子说是陌生人，妈妈的教育方式让亲戚称赞,108,108
抵押车一般都是卖给谁了？,106,104
中国唯一无二的国宝级文物，考古专家登门24次，老农：我就是不捐,108,101
全国首套房贷平均利率连涨15个月，有多家银行因业务违规被罚,104,104
出门带雨伞太不方便，老婆包里装了个小球球，雨天瞬变透明雨衣,107,107
网络技术专业怎么样？,109,109
王者荣耀一个赛季一个总决赛吗？,116,103
买一只活鸭一般需要50元左右，为什么有些烤鸭却只卖19元呢？,104,107
为什么斯柯达晶锐现在卖的这么差而POLO卖的那么好？,107,107
为什么有钱人在农村住？而农村人都在市区买房子？,106,115
35岁的于明加有颜值有演技，为什么却没火起来？,102,102
付云皓，林妙可们被定义的未来,108,109
俄罗斯女兵部队亮相红场 英姿飒爽笑容自信,113,110
毒瘤！拒绝垃圾时间上场！小托马式悲剧重演，詹皇争冠帮手少一人,103,103
“言必信行必果”？很少有人知道，后面还有一句话颠覆你的认知！,101,102
训练前臀部激活的方法，你掌握了么？,102,103
齿轮梨HQU大学项目，这才是未来艺术的新型展现形式,108,102
哪些视频软件的录制效果好？,109,109
王者荣耀排位怎么赢 少送人头多看视野 前期不想被逆风就这么做,116,116
关于张地2013-B17-A号地块住宅50 、56 项目工程规划许可证变更,106,106
佛山龙狮武术巡演在沙特受欢迎,113,103
女明星中哪个书法最好？,101,102
去日本旅游，有哪些好的旅游攻略呢？,112,112
人生佳境 当归燕园「南湖燕园」水调歌头,106,101
上联：使我开怀唯夜月，下联怎么对？,101,101
最新！国家级规划落地青岛 要建3个渔港经济区,104,115
体验了刺激战场的第一人称：感觉我变成了一米二的矮子,116,116
卡位龙：新光药业完胜,104,104
大熊猫知不知道自己是国宝？,113,107
猝死新闻频发，我们的健康怎么得到保障？,116,109
「找罐车通知」找罐车CEO崔贝受邀参加工业品数字港发展论坛”,104,104
这才叫PS，你那只能叫美图秀秀！,112,109
董璇母亲节写真曝光 造型多变温馨互动,102,102
"不能忘却的记忆，寄给""5.12""大地震遇难同胞的一封信",113,110
7旬老人下雨天加班蒸馍馍，说起在县城当老板的儿子马上喜笑颜开,100,100
500块的大衣让他对我拳打脚踢，如今我自己赚钱，他却变了！,100,104
想赚的零花钱？教你一招日入60-80,109,104
美俄在叙战场上针锋相对，美国有北约国帮忙，俄方核武却随时准备,110,110
歼-15电子战型揭开庐山真面目，滑跃+俄发令人大失所望？,110,100
什么是银行贷款基准，会受什么影响变化？,104,115
京东快递员的工资怎么样？,109,109
直播来啦｜今天下午，诺奖得主Oliver Hart在直播间等你！,104,102
社评：朝鲜核试验场将废弃，中国东北欢迎,113,110
孔融让梨的故事我们都知道，可为什么孔融最后却以不孝的罪名被杀？,102,101
国内汽车品牌质量排名Top10：雷克萨斯无解，WEY超领克、丰田,107,107
不封群封号实用3招！,116,107
冷门佳作《怪化猫》“她总是轻轻抚摸我，很温柔”座敷童子篇,116,102
假如有100万，一年理财最多能挣多少，该如何理性理财？,104,104
鸡农药中毒后，有什么好的解救方法？,115,113
三尺讲台到底有什么作用？,108,102
2018国产奥迪Q5L起步价你觉得多少合适？,107,107
转个圈让裙角飞扬,112,103
白银智慧党建云平台“微党课”传经送宝受热捧,115,101
拿iPhone X玩王者荣耀是一种怎样的体验？,109,116
怎样看待农村老教师退休了还没有晋升高级教师？,108,108
二战的日本人，有足够强大的帝国主义思想，其原因是妻子以死相逼,110,110
东京大学捅娄子，得罪了著名画家的女儿，这原因让人无语！,113,100
美搬起石头砸自己脚！保护主义致农产品泛滥，产值达到千亿,115,115
金毛和二哈放在一起会怎样？,102,102
毕业拿到建设银行跟中国联通offer，都是县域机构，如何取舍？,109,108
美国公司做年检与报税是一样的吗？,113,107
这些容易吃罚单的交通标志，你认识几个？,107,112
小米为什么能支撑起这1000亿市值？,104,109
马云豪言：2018这个行业将带动经济，看完会成为千万富翁！,109,104
小星百科：欧飞翔，少年拉丁舞冠军，国家少年队成员,103,103
高清彩色真实二战，丛林战中美军打的日军尸横遍野,110,110
所有农业人：未来5年，这8大行业最值得投资！,109,115
21岁男子恋上41岁大妈，两人一见钟情，相恋3个月举办了婚礼,100,113
银行卡为什么会有有效期？,104,113
埃及艳后是怎么死的？,101,103
李意淳水彩作品欣赏,101,101
招商蛇口：1-4月签约销售额417亿元 同比增逾两成,106,104
罗品牌：微商品牌建设5点建议,104,109
《永恒之柱2：死亡之火》各种技能全图攻略,116,116
关于《银河帝国基地》一书中的bug，你是怎么看的？,101,112
她，享年二十二岁，在死后世人才知晓她的存在，可为时已晚,102,109
手里有100万，投资开一家母婴用品店如何？,104,104
如何在香港开立证券账户？,114,112
日本如果沉入海底，日本人会怎么办？,113,110
续航800公里成为特拉斯噩梦？不用油电动力，将混合动力推向悬崖,107,107
雷蛇Razer Phone游戏发烧友手机评测，性能到底有多强悍,109,109
同样的衣服，为什么在柬埔寨和美国折合人民币290元，而在国内690元？,104,113
巅峰孙悦和巅峰郭艾伦谁更强？,103,103
为什么王者荣耀最近卸载量越来越多？,116,116
目前在大西安买房，是继续等还是现在买好？,106,106
现实版的绿巨人，现身伊朗，你看像不像呢？,113,102
领克和WEY究竟谁是国产第一？签C罗、VV7大降价！WEY这次真的拼了,103,107
上联：半床明月增寂寞，下联怎么对？,101,101
余额宝限购解除没有你？不用怕！还可以有这种操作！,106,109
大叔公园里这动作，让人看了都竖大拇指！,101,112
骚男与自由女神像合影还自称性感男神，你怎么看？,102,102
搞快点喵！随州市城区在售房源，三大区域可售房源低至25%以下,106,106
出苗不齐严重影响产量，怎么才能保证玉米一次性全苗？,115,115
经济学家吴敬琏为什么反对“不惜代价发展芯片产业”？,109,109
聚焦｜喀旅股份亮相第十四届中国深圳文博会，呈现喀纳斯净土元素,104,104
美媒晒米切尔艾弗森首次季后赛数据对比,103,103
专家说，湖南这个城市的房子买了一定涨！,107,106
那些顶着家长老师训斥也要在一起的高中小情侣，现在怎么样了？,102,108
世说新语丨“美利坚之标志”，却并未笑到最后,104,112
为实现中国梦 贡献青春力量,104,110
科目三这几个扣分项目千万要注意了！,107,108
网易的游戏只能用手机号加验证码登录吗？,109,109
公开内讧！中东小国高调支持以色列打击叙伊，不惜破坏阿拉伯团结,113,113
隆回茶产业喜迎逆转——2018年邵阳市手工制茶大赛在司门前举行,101,115
阿拉斯加净地避暑之旅，等你来打渔钓虾！,112,112
特朗普宣布对伊朗实施最高级别的经济制裁措施，伊朗经济会被击垮吗？,110,113
罕见照片：名人小时候的样子，看到斯嘉丽小时候你可能会有感触,113,100
得寸进尺！沙特石油还涨！中国霸气拒买，沙特怕了：我是被逼的！,104,113
等一等我大唐高僧，岂能被妖怪吓跑,102,116
「共勉」为什么越来越穷？你是否为了省钱浪费时间？,112,112
以色列总理出访俄前强势划红线 就算开战也在所不惜 说的就是该国,113,113
《萌妻食神》，经典语录，人物传,102,101
甘婷婷与围棋，到底是先看围棋呢，还是先看人呢,102,101
美国到处制造动乱，招致了一些国家的反对，你是否认为美国已成为世界公敌？,113,113
从农村走出的4大明星，有人成一线小花霸屏多年，她却惨被封杀！,115,102
一周大事儿,104,104
故事：儿子儿媳好吃懒做，母亲临死前一计，他们痛改前非,100,100
大家都错以为西湖大学与湖畔大学是一家了！,108,108
1500到2000的手机，哪些性价比高一点，适合大学生使用？,116,116
如果让你选择，你会定居在哪里？,112,112
多国媒体报道“马云忙碌的这一周”！去哪了？干啥了？又见了谁？,113,104
《为什么要推荐去泰国置业》第一弹·基础优势篇,112,113
为什么非洲人和欧洲人都觉得中国人很勤劳？,113,101
老外对华为荣耀的个人经验Huawei Honor 10，秒小米mix2s?,109,109
河南曾经浪漫唯美的粉黛乱子草田，现在变成什么样了？,112,101
购买纯净水设备时哪些因素是不能忽略的？,115,109
耗时1000万工时，价值100亿的海上移动城市,113,109
如果对着太阳扔一个超级原子弹会把太阳毁灭吗？,110,110
你以为他们只是大明星？其实他们的运动员生涯也不一般！,102,103
静出智慧，静的力量,100,103
买一个开发商要回租十年的商铺划算吗？,106,106
4月吉利汽车销量排行榜，哪一款才是你的最爱,107,107
混泥土屋顶用什么材料做隔热既简单又省钱？,108,107
千万别拿旧电动车换新电动车，看完才知道其中的猫腻！,115,109
250条国学名句,108,101
《红楼梦》中，如果让黛玉为妻晴雯做妾，你认为这二人能和睦相处吗？,102,101
小学生最爱用的四大英雄 剑圣仅排末位，第一直接无脑上,116,116
“妈，你既生下我，为何又要无情的抛弃我？”——13岁女孩的困惑,113,102
联通ESIM卡横空出世！以后手机不用插SIM卡了！,109,109
杀手之王重回都市，本想安逸地泡美眉做房东，却不料被无良师傅坑害,100,102
世界上内存最小的游戏是什么？,116,116
间苗应该怎么操作？,104,103
你们考驾照都花了多少钱？,108,108
小故事《还是没避开》,107,100
如何看待有的中小企业在美国上市圈钱？,113,113
商丘现在结婚彩礼一般都是多少钱？,115,104
上联：银笛吹开云天月，下联怎么对？,101,101
这么一条消息竟让这国凌乱？没错，这国还没学会“独立行走”！,110,110
北欧几国的未来会是怎样的？,110,109
事业单位退休工资计算方法是怎样的？,108,108
泳坛神话“鲨鱼皮”为何衰退？,101,102
土耳其表示美国如果不出售F-35就会对美报复，美国为什么不卖，土耳其又会如何报复？,113,113
狂侃MotoGP：三杀！洛伦佐完成了尤尼没有完成的壮举,103,101
哪些是去了还想再去第二次的城市？,106,109
世界上最有钱的8个人,104,112
东莞的公办学校好还是私立学校好 积分入学不够怎么办,108,108
求证：为什么2017=2018？,108,109
《平凡的世界》里的润叶、秀莲、晓霞，你更愿意选谁做老婆？,101,101
记者揭小白加盟反转：合同中现金部分未谈拢,103,103
18年做什么生意有前途？,109,104
足球预测分析：奥兰多城vs亚特兰大联,103,103
这是一支看了想恋爱的《佛系少女》爵士舞,116,102
西南地区和东北地区，哪一个发展前景更好？,112,104
职场跳槽，是找好下一家再辞职，还是辞职再找下一家？,101,104
北京国贸大酒店端午粽香传情 情系紫禁之巅,101,112
汤姆森、MP-38/40、波波沙这三种冲锋枪如果你要打仗，会选择哪一种？,110,104
英特尔投资向12家科技创企投资7200万美元，包括3家中国公司,104,104
去新西兰摘猕猴桃，每小时约合73.3元人民币,113,115
第十四届深圳文博会开幕！我区一大批文化产业项目对外招商,104,104
各国领导人的妻子照片：各个出身显赫，特朗普的超模老婆最惊艳！,113,113
光伏发电公司业绩现“双升双降” 东旭蓝天首季净利10.84亿元,104,104
特朗普这两个肢体动作，彻底把英国和法国激怒了,113,113
土耳其强势警告美军必须兑现承诺，否则将进行最大限度的报复,110,113
高天浩宇牧星辰，分光辨物览无痕,110,116
粤剧童星、杂技、有奖问答……仙岗这场“风尚美”公益巡演好墟撼！,112,102
“背妻男”吴加芳：“我宁愿没有当年那张照片”,113,113
上联：双肩挑世俗，怎么对下联？,101,101
隐世侠客“扫地僧”：这位老伯只出了一脚，却避免了一场枪战……,113,108
影子的妙用,112,115
最容易读错的240个汉字，看完后看看你认对了几个？,100,101
碧桂园斥资千亿布局产城融合 着力驱动城市产业升级,104,104
以色列组建“中东超级联盟”围剿伊朗！叙利亚也难于幸免,110,113
中国哪有无人耕种的土地，无人村？,106,113
背后有美国撑腰，军事发展“暗渡陈仓”，对于这个国家要保持警惕,113,110
6月30号后取消第三方支付直接扣账，支付宝还能直接用于支付吗？,104,109
扬州城有没有人和你风雨同舟,101,100
大家认为美国上一任总统奥巴马，是个好总统吗？,113,113
长沙县首届机关运动会启动式暨趣味运动项目比赛（图集）,103,103
梁筱崴：生活无趣，是因为你折腾不够,104,103
跌宕起伏！NBA新人王单节22+3+3打爆火箭，逆转火箭14分霸气怒吼,103,103
真人版跳一跳，笑掉大牙,116,116
2018胜利日阅兵六大看点 新式武器装备全解析！,110,110
大城床还是小城房？愿你的生活被妥善安放！,102,112
农村一种被称为“霸王树”的植物，亩产6万却遭人唾弃！,115,115
普京刚刚就职，安倍就要求俄罗斯“割地”？结果出人意料,113,113
余额宝最近收益为什么会骤降？,109,109
刺激战场里哪把步枪比较好？,116,110
上联：道观中观道，如何对下联？,101,101
日本妄图称霸亚洲，此战之后，日本谈苏色变,110,113
农民种花生，这3点记住了，不怕花生不高产！,115,115
为什么还有人玩DotA1？,102,110
周末父母指南｜如何给你的家庭生活增添更多幸福感？,109,112
网传朱婷下赛季将回国落户天津参加排超联赛，与李莹盈双剑合璧，对此你期待吗？,103,103
SUV上的车顶行李架怎么用？,107,107
日乒T联赛高薪邀中国选手遭拒，日媒：中国怕被研究透因此拒接，对此你怎么看？,103,103
“不破不立”区块链游戏2.0时代，GCC系列沙龙上海站报名开启,116,109
想买户外型的手表，有什么品牌推荐？,112,104
楼下一家超市说只要交8888元，就可以每天在他这里领80元持续一年，这种做法是否违法？,104,109
研究员级高级工艺美术师韦钟云大师，把五牛图融入到了石瓢壶中,101,108
开展安全知识巡回讲堂 助力建筑工地施工安全,106,115
越南的外汇储备有多少？,104,104
SPSS分析数据时，两组连续变量数据的pearson相关不显著而spearman相关显著，以哪个为准？,109,109
日本数字货币借贷项目新添对四种加密货币的支持,109,104
纪念人民解放军建军90周年暨252潜艇突破第一岛链40周年,110,110
为什么欧洲那样发达，强国不少，还需要美国来保护呢？,110,113
小学语文课本里的插画，你还能认出几张？,108,108
重要！2018应届生怎么落户上海？看这一篇就够了！,106,106
铃木要走了？重庆人“窃喜”：终于不坐黄色的出租车啦！,107,106
艺术品能规模化生产吗？,115,115
美副总统彭斯称委内瑞拉“假选举”，呼吁地区组织开除其会籍,113,113
怎么破解Wi-Fi密码？,109,109
出征！“大美西藏”自驾游之旅正式启程,112,112
南非治安为啥那么差？,113,103
危险的跋涉，世界最艰难的上学之路,112,110
火箭vs爵士的g5，米切尔忍痛回到球场向火箭球员致意，对于这一行为你怎么看？,103,103
现在还有哪些顶级工业产品是中国造不出来的？,106,109
重返二十岁，复古花纹奇幻际遇,102,102
东亚纵财：中东“核”平无望，黄金静待腾飞！,113,113
大喜讯，003竟然比福特号还大,110,104
洛县8千多企业没登记 预计明年开始规范,113,104
余额宝升级 京东也出了一款逆天活期,104,109
7300年前的凶杀案，死者身份神秘身有30多处伤口，死因却一直是谜,101,112
海内外秦商聚首西安 探讨汇聚资源共谋发展,108,112
农村这四个行业，最有“钱”力，只要肯干就能赚钱，国家还大力扶持,104,104
电视节目里有那么多白癜风专家，为什么冯小刚的白癜风没有专家给治好呢？,113,102
王晶生日妻子罕见露脸挽着王晶的手臂，夫妻俩头贴着头十分恩爱,102,103
第14届文博会深圳古玩城分会场将于5月9日下午2:30盛大开幕！,101,104
中小学收补习费，周一至周四下午多上一节课合理吗？,108,103
韩庚《这！就是街舞》总决赛落泪 对舞蹈始终热爱,102,102
当35岁孙俪撞上38岁董洁，网友：女神脸和苦情脸的差距一目了然！,102,102
保加利亚阅兵，士兵居然敢“鄙视”总统！请问谁是老大？,113,110
笑话：妻子说，我们的日子还长着呢 我……,108,102
中国历史中有哪些军事天才？,110,101
若风、PDD和小苍，投身到慈善事业不仅仅是偶然！,108,116
如果太阳从西边升起，地球会发生怎样的变化？,103,110
“踏青游”带火户外经济,112,112
SE时隔两年宣布重返E3发布会《最终幻想7》重制版或有新消息,116,102
闪击英雄：古德里安,110,116
为什么现实中钢铁侠无法实现？,110,113
联想为何把票投给高通而不给华为？,109,109
徐工终于造出“大块头”，打破西方垄断，帮我们每年节省1500万,104,102
快讯：东莞限价升级，新房一经备案一分都不能涨,106,106
从跳一跳说起，腾讯又赢了一次！,109,109
打工是不可能打工的 做生意又不会做 只能靠当总统维持生活,109,104
三正股份2017年营收3695万元 净赚393万元,104,104
都是微信惹的祸,100,109
不一样的风花雪月，不一样的蚂蚁吉普环海,112,110
2018年中级会计教材大量删减=难度降低？,108,104
中国军费亚洲第一：尚与美军差3820亿！,113,110
男人一生必去的10大旅游胜地,112,112
6日热点新闻：王者荣耀：巅峰赛开启，高端局套路大变，打野不再速4级,116,116
朱婷回国，现身北京机场，受粉丝热烈欢迎,102,102
大专毕业是专升本是考研好，还是考各种证书好？,108,108
刺激战场高清画质高帧率和均衡画质高帧率加抗锯齿哪个发热量耗电量大？,109,116
发现自己上空被空投了原子弹，还有什么补救的措施吗？,113,110
房地产大数据服务商「云房数据」获2000万元融资,106,104
英雄联盟RNG战队输给KZ后引台湾网友热议：“FW随便赢这样的RNG”，你怎么看？,116,116
上海滩枭雄杜月笙，末年穷困潦倒，却亲自撕掉欠着他数十亿的借条,102,102
罗牛山：没有梦想和咸鱼有什么区别，我要做罗马山！,104,109
缅甸医院的技术水平如何？,113,113
楼市宣布一则大消息：北京限房价项目销售办法出炉！部分将收作共有产权房,106,106
人逝世前一瞬间是什么状态？,102,101
为什么很多人买了几十万的车却不买车位，宁愿停在路边？,106,107
竞技游戏里，故意炸鱼和开挂的相同之处和不同之处都有哪些？,116,116
美国专为城市防洪研发的水坝，1分钟安装，最低能存5吨水！,110,107
一夜红遍抖音的申花小姐姐到底是谁？,103,102
上课时学生手机响个不停，老师一怒之下把手机摔了，家长拿发票让老师赔，大家怎么看待这种事？,108,108
德国到底发达到什么程度？,110,109
在鹰飞国际办理美国公司注册能行吗？,104,113
「SEC 开会讨论 ETH 是否为证券」是不是假新闻？,104,104
把脉青州教育 反思奋进发展,108,108
只要别人过得好就行，凡事都为别人着想的4个星座,102,116
日产发飙了！性能不输普拉多，7AT+四驱卖16万，比哈弗H9有面子,107,107
鲁豫体验惠若琪的日常训练，感受下真正意义的大长腿,102,103
美国人如何处置东条英机？,113,113
如果特朗普遭弹劾下台，谁来接替当总统？,113,113
最顺心的事，就是找到适合自己车——远景S1,107,107
被世界遗忘的角落，悲情的中亚五国，这就是远方,113,113
想搞养殖，养鹅怎么样？,104,115
去泰国旅游如何办签证手续？,113,112
此人收到一封信，信中只有一点盐和茶叶，瞬间明白大祸来临,101,115
陕西特色小镇咋建 防止盲目造镇和地产化发展,115,104
手游QQ飞车体验版怎么下载？,116,116
神剧情！骑士首轮被逼进抢七大战！次轮却横扫东部第一！,103,103
捷达兄弟，油耗仅4毛，比捷达贵2万,107,107
日本发动机到底多牛？一台40年前的三菱发动机，启动后我彻底服了,110,110
复仇者联盟3 居然携手中国英雄共同打灭霸？,104,102
「招人烦」的村第一书记,115,115
中国人的规则意识,103,113
在美国生活，该怎么找公寓？,113,106
萝北举办“爱我龙江”开江节,112,113
保定哪里最发达？,106,113
二十八岁还能不能有理想？,108,115
印度这一举动，让缅甸农民遭了秧！,115,113
你认为《水浒传》里谁的功夫水平第一？,101,101
没有对比，就没有伤害！,110,115
特立独行的高更,101,112
2018你最该走完的4条自驾路线,107,107
2018广西公务员考试成绩查询和资格复审注意事项,108,108
个人自由买的社保与挂靠单位买的社保有什么区别？,106,106
看完《猫妖传》后，想知道杨贵妃到底是怎么死的？,102,110
商业模式已成出行行业最大的焦虑，出行行业大佬共话未来出行,109,109
第五届全国大学生阳光排球锦标赛开幕式各队风采,108,108
如何评价Steam推出的移动端APP“Steam Link”？,109,116
此役日军溃败，军官要求士兵死守，士兵却在深夜把长官吃了,110,110
合作终于落地了，沃尔沃汽车将会集成谷歌地图和助手,109,107
如何评价“大蟒”许昕在本届世乒赛的“浪出天际”表现？,103,103
65万实盘记录贴正式启动,103,109
为什么有的人喜欢在脚上绑一根红线？,101,116
天山雪豹又用全华班拼下1分，中歇期前还有两场硬仗要打,103,101
负电位是如何产生的？,101,110
我过生日，儿媳妇送我手机，开机之后，我把手机扔还给她,100,109
实拍蒙古国最大陆路口岸，看蒙古国人是怎样入境中国的？,110,110
越南街头摩托车成灾，但是为什么很少中国摩托车？,107,113
清华女教授曝：看懂成交量选股技巧，三万赚三千万，建议股民收藏,104,108
黑鲨游戏手机预售已经突破一百万，为什么会受到如此追捧？,109,109
小米努比亚布局游戏手机，端游玩起来,116,109
陈一发翻唱天龙八部《难念的经》耳朵都要怀孕了，我的心中枪了！,116,102
四大名著的影视化之路：西游最火，水浒最燃，三国最热，红楼呢？,102,102
大学里最累的3个专业，周末都得学习，但就业后收入很高！,108,108
手机靓号投资对比投资房产哪个好？,106,106
老照片：1955年，“协防”台湾的美军,110,110
涨三不追，跌四不压,104,102
长城（民间故事）,110,100
dnfB套奶爸可以当辅助吗？,116,116
穿越火线体验服怎么弄？,116,116
51岁陈法蓉出席活动，网友：保养得真好,102,102
macd指标好用吗？做期货如何运用macd指标？,104,101
全球最高产的“果树”，巴西进口，一年结果6次，果子结得吃不完,115,104
惠东开展“禁毒宣传”进家入户家访,108,108
"""操纵股票被罚1.29亿""主持人：认错并按要求缴罚款",104,114
NBA季后赛表现最让人惊喜的球员，新秀大放异彩，隆多干两份差事,103,103
2018亚洲户外展中国“CHAIN”造——聚焦功能性产品供应链,109,104
沃尔玛或于本周宣布收购印度电商Flipkart协议,109,109
你最欣赏的中国守门员是谁？,103,101
一个经营亏损的澡堂，2至3个月时间内如何收回现金300万,104,109
农村老话“一天吃一头猪，不如床上打呼噜”，真的是这样吗？,115,115
总投资1500亿！广州发力10大IAB重点项目,106,104
中国003型航母何时服役？,110,110
李宇春出席某国际活动，网友：穿着这么美是想要谈恋爱了么？,102,102
四海商城、百货大楼……那些消失的老泰城地标，竟然又回来了！,101,112
你人生中有没有一个你见到就会紧张的人？,108,101
大连海上玻璃栈道在哪里？好玩吗？,112,112
戒毒方法01,107,109
美国国会听证会：用区块链技术改变世界,113,109
《雍正王朝》和《康熙王朝》，你更喜欢哪部电视剧？,102,102
以后骑单车可不能随便做这事了 后果严重,109,107
雨后花儿笑！,107,115
特朗普芯片制裁失算！美国遭背后捅刀 惨了！,104,113
穿越男子讨好镇国公，把蹴鞠队改成足球队，自称从武穆遗书上学的,102,103
55岁清洁工在哥伦大学荣获名校学位！背后的付出竟是这么的奇葩！,108,108
少林终极武僧，保持不败纪录，被美国誉为散打之父,103,113
林青霞三个女儿与邱淑贞三个女儿相比，这差距不是一般大啊！,102,100
如果你现在有50万，是买房还是存着？,106,106
财税答疑：老会计教小会计学习财务！,104,108
买彩票，真的有人中大奖吗？,104,113
北大撒贝宁调侃国兵主帅刘国梁，彻底被秒杀，两个段子手相见恨晚,102,103
王者荣耀怎么看赵云打野Alan的回归？,116,116
一图一币：技术流ADA，听说最有可能挤进全球市值前三？,104,109
妈妈问咘咘波妞会得第几名？咘咘：500名，孩子你确定吗？,102,108
在原始社会，人类说话的音量竟能控制天气的好坏,101,109
工厂倒闭，50岁父亲失业在家玩电脑，儿子偷看聊天记录后瞬间泪目,100,100
我嫁给了我从小仰慕的男人，但是我嫁给他后并没有得到我想要的生活,101,100
你以为这是老旧蒸汽火车？,112,102
故事：差生在课堂上被羞辱后离开教室，却偶遇了被欺负的校花,101,100
红楼梦里的鲍二媳妇，金瓶梅里的宋蕙莲，既要偷汉子还要立牌坊,101,101
支付宝马云20亿红包之后，一位神秘土豪又砸10亿红包,102,109
王者荣耀法师铭文搭配科普 一分钟学会所有搭配套路！,116,116
行走荷尔蒙《梦间集天鹅座》曦月登场,116,102
我很好奇，究竟逾期几天，才会被银行记录上征信系统？,109,104
建房子买材料需要注意什么？,106,106
正在崛起的越南赛区 成为强者的三大要素,116,103
管理类图书有哪些互联网平台价值？,101,109
7座SUV轴距近3米，舒适度极高，每月近万人放弃汉兰达和Q5选择它,107,107
她上好声音唱了一首歌，四位导师抢着要，那英直言不转身后悔死！,102,102
巴基斯坦的吊桥，中国的栈道，美国空中走廊，哪个更练胆！,112,110
美媒：美国重提“大国竞争” 或面临单打独斗,110,113
“玲珑骰子安红豆，入骨相思知不知？”,101,106
外硬内软的仙人掌，你能吃，车也能吃,107,115
导弹飞袭叙利亚,113,110
神圣的祭敖包家礼,101,102
为什么那么多海归人才回国后都选择去杭州，杭州到底好在哪里？,109,108
在新垣结衣的家乡，体验治愈系的笑容和生活,112,112
找回童年快乐《赛尔号：无限宇宙》打造精灵趣味玩法,116,103
火箭胜爵士晋级西决，上半场周琦还坐在替补席，为何下半场不见了踪影，他怎么了？,103,103
青岛西海岸新区出台意见 推动军民融合产业实现跨越式发展,104,104
《亮剑》特工队有多厉害？连武器都穿越了,110,110
美军给人印象越来越差，除了招收女潜艇兵外，男女兵还无视军纪,110,110
想换手机，iPhoneX和三星S9+选择哪个更合适？,116,116
今日观察“中美贸易战”“现金贷”,104,104
绝地求生：4X4海岛新地图又来了！5月11日开测，面向所有玩家！,116,116
一斤盐溶解于一斤水中，最后能得到两斤重量吗？,101,115
见过很多35岁左右离开了曾经很牛的岗位换行业从零开始找工作的，你们怎么看？,106,106
小媳妇喂猪，每天有七只鸡来抢食，高人说，鸡是成了精的金银,100,115
你认为麒麟980会使用5G技术吗？,101,101
人民币市场汇价（5月9日）,104,104
刚果（金）确诊埃博拉病例增至11例,113,109
美丽的龙岩,101,112
你说因为梦想曾经深夜痛哭？还不是因为你的梦想本来就是假的！,102,103
4月新番《魔法少女网站》惨遭下架，谁才是罪魁祸首？,116,100
实体经济在逆袭？真的吗？,109,104
如果段延庆没残废，武功是什么水平？打得过鸠摩智吗？,101,106
中国人在非洲大土地“种出各种农作物”时，看看非洲人的“反应”,113,106
西安有一处网红墙，景色太美了，适合年轻人拍照，你去过吗,112,112
现代风格的庭院,112,115
二胎政策遇上教育信息化2.0 让学生减负家长省钱有戏吗？,108,108
赛季最后一场，不来梅主帅：张玉宁有机会进大名单,103,103
监理工程师押题更新！全部都是干货！需要的回复！,108,109
十年前俩亲弟弟离世，老农精神错乱 用废料造7层高楼等弟归来,100,115
为什么长安不能融入大西安主城区？,107,106
王宝强下乡捉猪，你怎么看？,102,102
霍思燕现身北京机场 拼色赛车风皮衣大展辣妈风采,107,102
芯片国产化概念表现活跃 阿石创领涨,109,109
余额宝升级后还可换回天弘基金或中欧基金吗？,109,104
美国五角大楼911事件死了多少人？,110,110
大多数人家庭不愿意安装光伏进行发电，为什么？,104,107
中国游客不去韩国旅游，真的影响到韩国了？现实告诉我真没有,112,112
小米是不是要上市了？,109,109
黄忠可以克制哪些英雄？,116,116
二手房过户要趁早，否则可能面临这5大后果！,106,106
天壤智能薛贵荣：我们要做最亲民的 AlphaGo,109,109
未来科技！真空隧道交通今年开通，免费乘坐 时速1223公里,113,107
送二十多岁的男生什么生日礼物比较好？,116,116
十年过去，从地震中死里逃生的人们，你们还好吗,110,110
上联：春雨丝丝润桃艳，下联如何对？,107,101
沈阳的北陵到底有多大，是否有还没有对外开放的区域？,106,106
信息服务台,103,104
为何美国为首的西方国家不允许伊朗研发核武器，但对以色列拥核却视而不见？,110,113
信用感十足的办公空间,104,109
法国总统不畏人言娶相差24岁的妻子，近日访华容貌相差巨大！,113,113
离家十六年后丈夫回家求原谅，妻子：你离开时那气势呢？,100,102
如何评价网易游戏《我的世界》怒斥多玩盒子等第三方平台无视知识产权的事件？,116,116
凯西要被解雇？两个细节告诉你，猛龙出局真怪主教练！,103,103
汽车图集：保时捷卡宴,107,107
“杭州·纽约联名地铁卡”在美发售 一张卡玩转两城,112,102
广汽本田4月份销量为53142辆，雅阁下降近四成,107,107
对曼德拉这个人物该如何评价？,101,101
方城县妇联牵头代理妈妈看望32名山乡结对贫困学生,115,108
你经常看微信订阅号的推送资讯吗，为什么？,109,109
8岁股东问倒巴菲特：为何背离原先资本效率哲学？,104,104
你认为你玩过的最垃圾的游戏是什么？,116,116
你是支持网约车还是支持出租车？,107,107
云横东岭松挺立；有什么好的下联呢？,101,101
如何对待爱“秀”的人？人生如尺，要有度,107,101
孩子上课看手机，结果手机被老师摔坏，第二天孩子妈的举动霸气了,108,108
西方国家是怎么进行爱国主义教育的？,113,108
非法集资离我们有多远？,109,107
新卡宴，为什么2.9T的发动机比3.0T的发动机还高100p马力？,107,107
这几项车险服务，都是免费，但保险公司不会主动跟你说！,107,107
东方红一号卫星没有燃料，为什么还能飞整整47年？,109,109
他是侵华时的日本首相，却有一个中国姓氏，身世不为人知,113,101
她是昔日的女神，现在的家庭主妇，她就是卓依婷,102,102
上一联：五月三川杨柳烟，阳春无处不飞花。谁有下一联？,112,101
数百年前，中国渔民凭借这样的手抄本远赴南海捕鱼，现仅存10余本,110,110
让人热泪盈眶的魅族仍在！Flyme广州站线下活动13日正式开启！,109,116
36年数学老师：这些提分小技巧，不会也能白捡分！,108,108
中超榜首混战！武磊发威，可上港已经四轮不胜！,103,103
联想有什么独特的核心技术？,109,109
为何中国越来越不肯将先进武器卖给巴铁？这才是背后的良苦用心,110,110
如何客观评价联想总裁杨元庆？,109,109
美国在冷战时一呼百应，为何现在盟友纷纷和美国步调不一致，为什么会发生这种事情？,113,110
象棋神少帅：王天一棋路合辑！,116,103
母亲节：画荻教子的好妈妈,101,102
中国潜艇突破层层防御 航母身边突然上浮美军失措 已在鱼雷射程内,110,110
5岁会创业，11岁年收百万，你和神童差在哪？,113,109
这款瑞典公司制造的神器，被装在二战美国军舰上打下海量日本战机,110,110
NBA夺冠后为什么球员要戴帽子？,103,103
在成都不限购区域买房，买哪个区的好？,106,106
为笼络浓眉哥，鹈鹕终于做出最明智抉择，下赛季的他们将很不一样,103,103
尽力而为，买且三思！,107,107
如果特朗普退出《伊朗核协议》，欧盟有远离美国的想法吗？,113,113
工信部：鼓励更多国家企业等参与实施“中国制造2025”,109,104
不读《导言》莫谈《宣言》,113,112
离婚4年，前妻葬礼我去送花圈，岳母给我一封信，打开我哭断肠,100,100
分数在200到300左右，武汉有什么好的大学推荐？,108,108
孩子会玩，是未来30年最重要的软实力！,113,108
土真的可以吃吗？,101,115
Uber宣布将与美军合作研究安静飞机转子技术,109,109
潍坊5项目获批2018年国家引智项目 居全省首位,104,104
爆发的夹击输出 防反火枪龙墓组合分享,116,116
北上广三个城市你最喜欢哪座？,108,106
1941年泰国政府向美国宣战，美国政府为何拒绝？,110,113
聪明的乌鸦学会了如何食用有毒的蔗蟾蜍,115,101
「我要找对象」第359—364期 医科大学的看过来！,108,115
一家人去云南旅行，如何玩？,112,112
“阳延安班”：率先叫响“两不怕”，血性口号传承60载,110,110
英雄集结势不可挡，开场前30秒就让你high爆！,102,103
杜兰特和乔丹单挑，谁能赢？,103,103
为什么觉得股市里的道理都懂，却依然亏钱？,114,104
为什么淘宝上有卖王者荣耀皮肤，而且皮肤还比官方卖的便宜？,116,116
4年推10款电动车 宝沃成立新能源营销部,107,109
四个步骤，做好信用卡代还系统运营,109,104
上联：莫言老舍老，如何对下联？,101,101
舍友太傻是什么样的体验？,108,103
士兵在战场上不幸牺牲后，各国是如何赔偿？中国这一政策无人能比,113,110
张靓颖亮相北京国际汽车展览会 网友：裙子上的“十”很是抢眼！,107,102
2018年中国餐饮服务商20强榜单发布,109,109
如何选择质量上乘的PE管？,112,108
怎么样防止被跑单？,106,102
为什么法国在两次世界大战中的表现截然相反？,110,113
日本首相安倍晋三的尴尬照 真是什么样的首相就有什么样的国家,113,110
佛教创始人释迦牟尼佛陀降世的过程，脚踩莲花，可爱极了,102,100
公务员面试备考：多练多背很重要 以下“法宝”需知道,108,108
本科护理专业就业率居首位，护理系学生从业意愿增强,108,108
外媒：以色列向叙大马士革发射多枚导弹 遭叙拦截,110,113
有人见过女保安吗，当一个女保安是怎样的体验？,102,109
日本首相安倍晋三的尴尬照 真是什么样的首相就有什么样的国家,113,110
比特币在全球范围内得到迅速应用和普及,109,104
"韩国政府“突袭”, 20万韩国大妈受影响……",104,113
张继科一句话安慰超甜蜜，景甜体重50.8kg，坐地堵嘴不开心,103,102
日本国歌翻译成中文是什么？,102,101
此时想起汽车玻璃大王曹德旺的“房子是财产而不是资产”！,106,106
平成三杰中谁最厉害？,102,109
前有库里吃香蕉，再有詹皇吃橘子，今又有大帝吃葡萄，有趣极了！,103,103
客机能无人驾驶吗？,113,109
突然发现河南很多人去山西打工，山西很富裕吗？,104,112
高速自带隐藏项目：明明限速120，前方突然变80？,107,107
如何看待最近曝光的小米MAX3规格曝光，6.99寸全面屏+5500mAh大电池？,109,109
古镇｜初夏游古镇正当时！河北这6大古镇，人少景美任你选！,112,112
国内最新无人驾驶 单轨列车首次出口,107,109
太极拳练到最高水平有多厉害？,101,103
九江市森林博物馆开馆展出动植物标本500余件,112,101
微信可撤回的时间，为什么是两分钟？,102,109
努力变成更好的人，就会遇见好的人！超疗愈《孝利家民宿》语录,102,108
"支付宝信用分750,自如租房能免押金嘛？",109,106
美军F35抵日 将与空自进行首次联合训练,110,110
今天《经济日报》用整版告诉你 鄂尔多斯“塞外小岗”变形记,115,113
从这现场战斗不同结局来看，《亮剑》其实也属于“抗战神剧”范畴,110,110
德克模仿银角大王：我叫你一声 你敢答应吗？,103,103
说土味情话的廖凡，承包笑点的范丞丞，明星私下竟然这样……,102,102
李晨杜淳咋的了？插刀教什么鬼？,102,116
iPhone一键换铃声，不用电脑，支持ios11,109,109
512十年，那些依然在脑海中的点滴记忆,108,101
杨幂出席某活动，网友：这腰也太细了！,102,102
以人类目前的军事能力，能否阻挡《星际争霸》中的虫族攻击？,110,110
天猫精灵官方旗舰店上新品了大家猜猜是什么？,116,109
小伙婚前全款买房 离婚时却判房产99%归女方 原因是？,106,106
威慑全球的“大力神” 美军初代核威慑战略力量,110,110
卖出土特产 鼓起钱袋子,115,104
为什么QQ上面有微粒贷，微信上没有？,109,109
小香玉和常香玉之间发生了什么？,101,113
燃爆，这么血脉偾张的巅峰对决就是不一样！,110,112
美对华关税听证罕见延长，多巨头将为中国产品发声,113,104
2018款新奥迪R8 V10 Plus亮相车展，保时捷911和讴歌NSX无法攀比,107,107
贸易战还能维持多久,104,104
多图美文，带你走进“美洲第一城”,113,101
如何评价潘玉良？,101,101
难忘的童年，跑很远的路去看露天电影,115,102
如果有一张一亿的优惠摆在眼前，你还等什么,109,102
带儿子回娘家，菜市场看到母亲，儿子刚要喊外婆我捂住了他的嘴,108,100
数博短评｜黔景无限好，贵阳成逐梦之地,104,109
刘强东：电商平台绑架商家 长远看来有害无益,109,109
健康，财富，亲情，爰情，友情该如何排序？,104,108
高美奖——托尼·朱尼珀,101,103
如果美国打伊朗，最快可以多久解决战斗？,113,113
360发布全新流媒体后视镜 “开车回头”将成过去式,107,107
高中学生是否需要补课？如何选择课外辅导机构？,108,108
战火烧到边境，枪炮声不断，紧急预案启动，真的没有岁月静好,110,113
俄罗斯红场大阅兵 多款新式武器亮相,113,110
解决未来十年经济的发展焦虑，杭州美院这个区块链论坛满是干货,104,109
减税降负再放大招！国务院常务会议再推7项减税措施,104,104
以色列再次攻击？美国为其牵制俄罗斯，将培养多年的力量送上战场,113,113
我国前4个月货物贸易进出口同比增长8.9%,104,109
丰田陆地巡洋舰Vx和GxR有什么区别？,107,107
25万的预算，买哪款SUV性价比高？,107,107
王者钟馗出什么装？,101,116
天水：生猪价格“跌跌”不休 苦了养殖户 轻了菜篮子,115,115
高新6号再出猛照！,110,109
沙特阿拉伯武装军队死对头伊朗会害怕吗,110,110
中国的这个村：人均年收入21万，家家住别墅开豪车，农民纷纷效仿,116,115
美国在军事上对各国欺负，但为什么各国却成了美国的盟友？,113,113
这些英加强，已经难以翻身，需要一次大重做，才能摆脱冷板凳,116,107
2017-2018赛季欧冠决赛前瞻,103,103
最初的最初，彼此相爱；后来的后来，只能分开,102,102
42岁蒋勤勤怀二胎也健身，挺大肚满头大汗仍坚持,102,102
如何评价甘肃省天水一中？,112,101
俄罗斯再次叫板石油美元体系，人民币和黄金迎来重大机遇！,113,113
东北第一山是什么山？,101,110
中国当初是怎么给西方国家命名的？？,113,110
日本的发动机为什么那么先进？特别是摩托车的发动机？,110,107
刘诗雯戴罪立功取胜平野美宇为中国女乒拿到世乒赛冠军，怎么看待这场比赛？,103,103
你跟我合作也是为了钱，随便跟我躺一躺就可以买好几辆车了,102,107
美军主动求购乌克兰最先进的坦克：仅购买一辆，意图险恶直指中俄,113,110
国内电解铝产量同比下滑，有望告别供大于求,104,104
任志强：没说让老百姓抄底买房；北京白领平均月薪10521元全国居首丨功夫早课,104,106
散打运动员能打过五个特种兵吗？,110,110
越南突然向我国提出一个奇怪要求，中国霸气给出4字答复！,113,110
教育部：严禁宣传“高考状元”及“高考升学率”,108,108
还有哪些区块链年入千万的机会？,116,109
日系车和德系车的差距，上了高速就能知道？听听老司机怎么说,107,107
《绝地求生》玩家已流失超过一半：那些玩家去哪了？为何不玩了？,116,116
日产5000万条数据，揭秘全球最接近工业4.0的工厂,104,107
撑着小船来娶你！悠悠隆庆，用500年岁月诉说水乡故事,115,112
10张名人婚礼当天的珍贵照片,102,113
震后十年间，什邡市政协一直行走在履职建言路上——追寻幸福美好新生活,112,101
军人如何看枪支子弹剩余量，真的不是看右下角，而是用这种方式,116,110
沈阳旧的医保卡怎么换新卡？,109,112
给爸妈体检，去医院的体检中心还是专门的体检机构，比如爱康之类的？,108,109
中场俄超就差一点收米，晚场巴甲精品串子送上,103,115
怎样看待丁俊晖豪言下赛季斯诺克世锦赛夺冠？你认为丁俊晖可以夺冠吗？,103,103
周迅版《红高粱》取景地在这？还是明代遗世500年的古村落！,102,101
阳东大沟吉灶下村旧貌换新颜,115,104
假期山野常见几个花花草草图鉴,112,112
学习写作，应该从何做起？,101,108
网红也开始控诉这种“吸血鬼”美容黑科技，夺命智商税交不得！,102,109
朋友圈都在“积极废人”式创业，看看你满足几点？,104,104
学生党，想买一款3000-4000元的手机，有好的推荐吗？,109,109
为什么大众和奥迪的发动机一样，价格却差那么多？,110,107
我国农业文化遗产增4个 热辣走一回,112,115
最近看过的老电影,108,102
上海两车斗气两对夫妻在高架上“捉对厮打”你怎么看？,103,100
准岳母三天两头送水果，以为花不少钱，女友说自家种吃水果不花钱,115,100
6张彩色绘画记录我们童年的回忆,101,101
热血传奇1.8的故事背景路线是什么？,102,112
美国警用摩托有多强？不是宝马就是哈雷，百公里加速3.8秒,113,107
为什么支付宝芝麻信用属于有钱人，用金钱来衡量一个信用，穷人难道就没有信用吗？,104,109
离子链：万物皆矿机，实现物与物之间的点对点通信,109,109
董明珠终于把车造出来了，首款SUV媲美霸道，五环车标比奥迪还牛,109,107
上联:人生不易风风雨雨，怎么对下联？,101,101
当年的南斯拉夫到底有多强大，它凭什么会被称作“巴尔干之虎”？,101,113
《星际争霸2》的合作模式是否加速了星际2对战体系的灭亡？,116,104
加拿大安省新福利：老人每年可领$750补助！,113,112
杜莎夫人蜡像馆推出梅根蜡像，与本人逼真，甚至还更漂亮些！,113,102
为什么美国不要琉球群岛？,110,113
从目前来看，特朗普是一个好总统吗？,113,113
机动性最高的空降兵部队，深入地方内部时，最喜欢用什么武器？,110,110
在一场罗生门中，多数人的声音是否代表真相？,102,103
上联：梅雨天湿地湿人也湿，下联怎么对？,101,101
第五人格：关于日记和游戏的问题，厂长淘汰了众人，慈善家逃跑了,116,116
为什么胡歌选择代言华为手机？你知道情况吗？,102,109
儿童阅读正在重塑语文教育,108,108
《拳皇98》中的“红字”、“蓝字”、“绿字”指的是什么？,102,101
当妈是隐形的贫困？哼，炫富！,115,115
理论物理如此荒唐，是不是西方为我们设置的陷阱？,110,110
2018新财富500富人榜榜单来啦！,114,104
汶川地震十年记忆，网友：比地震更震撼的，是全国人民捐款的画面,112,108
刘涛李菲儿睡懒觉迟迟出不了门！许晴十分不开心开始不合群了,102,116
全国高校科研质量排名，清华北大浙大无缘前五,108,108
一个爱你爱到骨子里的男朋友能对你有多好？,106,102
有没有什么游戏是你当时玩得火热，如今不玩了却特别怀念的？,116,116
35马力的单缸时风拖拉机2驱大概多少钱？,115,115
聪明反被聪明误！美国千方百计防无人机技术外泄，如今展会遇难堪,109,109
韩瑜出席活动，网友：真羡慕肌肉男，有种想去健身的冲动！,102,102
除了足球还玩电竞 皇马宣布在中国成立首支电竞战队,103,103
NBA老将回家泪点排行，加内特垫底，头名毫无争议！,103,103
美国中小学教育那么差，为什么能获得那么多诺贝尔奖？,108,108
飞机在上升和下降的时候穿越云层，会按既定路线飞行还是飞行员可以适当找个没有云的缺口穿越？,107,112
请问夏至未至最后的结局代表着什么？,102,116
周立波到低犯什么错了？,113,113
《复仇联盟3》导演谈詹姆斯：他是超级英雄 体内含有振金！,103,102
“她养我小，我得养她老！”分界镇周巍巍的这句话说得太棒了！,100,115
福利｜最新《剑13》免费领！更有剑桥1-12PDF+音频，刷完雅思高分过！,108,104
上联：双肩挑世俗，怎么对下联？,101,101
上联：品茶、品酒、品人生。如何对下联？,101,101
再度下课为哪般？大师并非无能之辈，执教3年他只做错了一件事！,103,103
教育部：坚决防止因撤并乡村学校导致学生上学困难或辍学,108,108
令周边国家紧张，2018年美国可能会向越南出售哪些武器？,113,113
菏泽最美玫瑰园，5月12日~5月20日震撼开园！,112,112
中华传统绳结系列，每个都是古人的智慧，学到就是赚到,101,101
迪拜新增200兆瓦太阳能发电能力，其清洁能源占总装机容量的比重提升至4%,113,107
寿光一车库“火”了！只因这车库装的不是车，而是上百件画作,101,102
马云说：网上赚钱时代，为什么你还是个穷人？这个视频给你答案,109,109
目前海南的房价该买房吗？,106,106
李光洁“新青年演讲”谈鲨鱼保护 寄语当代青年,102,102
汶川地震受灾最重地点十年今昔对比图 让人震撼让人感伤让人欣慰,107,113
中兴通讯（000063）5G第一龙头开始觉醒，机构千万增持坐等爆发,109,109
重庆遇87岁老篾匠，一生编竹器现每天还编一件，但“后继无人”了,112,102
RNG官博谈卡萨和MLXG：“队伍的矛和盾，稳赢上卡萨，”你怎么看？,116,116
珠海在未来30年里，会成为下一个深圳吗？,109,115
如何看待辛亥耆宿张难先？,108,101
战争终于到来！伊朗以色列全面开火，美俄做出这样的反应,113,110
易烊千玺闭关学习迎接高考，易烊千玺弟弟楠楠现身街舞总决赛,102,102
蔡依林妈妈笑容如少女，董璇晒和女儿的写真，她却悄然落泪,102,102
缘分天注定！女孩失忆后把男友忘了，如今又再次爱上他,100,100
中国轰20年内或将首飞，目前有哪些关于这款战机的消息？,110,110
有一种向往的生活，名叫LOFT,106,102
中国有一个长达十年的布局，美国才看懂，美媒：后悔莫及！,110,113
王心凌现身机场 网友：怎么一点都看不出岁月的痕迹？,102,102
党项人从何而来？,101,103
川藏南线和川藏北线的区别，看完你就知道了,107,112
老汉去儿子家养老，听到去世两年的孙女晚上说：爷爷，我想回来！,100,115
你好啊，萨普！两个老男孩骑摩托来看你了,112,100
石家庄出台整治方案 三年内你的家乡将有大变化,115,115
刚刚！中国功夫熊猫TKO韩国黑社会！,103,113
东史郎从军所在的日军第十六师团是如何覆灭的？,110,110
江西航空，万米高空与乘客分享母亲节快乐,112,107
岳池县人武部组织民兵应急连进行军事训练,110,113
私募业绩冰火两重天 固定收益蝉联桂冠,104,104
以人类目前的军事能力，能否阻挡《星际争霸》中的虫族攻击？,110,110
中国造出最软的陶瓷，可像海绵一样拉伸，歼20将产生质的飞跃,101,110
76人双帝发威带领球队扳回一城,103,103
哪个国家没有美国大使馆？,110,113
那个“长大要当空降兵”的汶川男孩，真的做到了！,110,108
西安机动车保有量突破300万 交通治堵成焦点,107,107
德阳市华山路学校“粉墨童心”戏曲艺术实践工作坊再创佳绩,108,108
美国公司年检需要什么资料？,109,107
第二届全球跨境电商大会明日在郑启幕！两万多种产品亮相展览会,109,109
中国最低调的富二代：33岁被称奔驰太子，身家1100亿比王思聪有钱,104,107
美国是怎么形成军事优势的？谈海军陆战队要买俄罗斯米24直升机,110,110
的车司机不足两岁孩子夜晚睡副驾驶 乘客感动决定送安全座椅,107,107
徐冬冬《卫斯理》变蓝血人 大玩穿越时空回到过去(1),102,116
亚洲实力榜，澳智库预测2030年中国超美,113,110
农村吆喝着收长头发的，他们出高价买，最后用来做什么了？,115,115
玩巫师3，需要把前作也玩了吗？,116,109
搭档李易峰冯绍峰现又合作娇兰成为品牌挚友，金晨终于要熬出头了,102,102
武警战士步伐坚定走过人群，军人的气质令人向往！,110,102
默克尔与普京通电话表示将力争维持伊核协议,113,113
美国当时登月后航天员是如何从月球返航的？在月球表面有可以发射的条件吗？,113,113
为什么大家都不愿意跑滴滴了？老司机说出了真实原因，太现实,109,107
经典的魅力！纪念豫剧大师陈素真诞辰100周年系列活动举行,102,101
四月芳菲尽，五月雪花飘-油桐飞花,101,104
少女的法式浪漫复古风情，纯粹而别有一番味道~,112,101
《英雄联盟》比赛重现反向技能，韦神：终于不用再黑我了！,116,116
我国南方最高的山是哪一座？,104,112
历史人物中，普通老百姓最佩服的是谁？,110,101
对台湾政治纷争失望！“教育部”拔管 教师爆“逃难潮”,108,108
阿富汗为什么谁都打不赢？,113,113
王大陆晒与陈赫邓超合影 鹿晗竟以这种方式出镜,102,102
你觉得美国副总统和国务卿谁的权利大？,113,113
你知道“大搜车”吗？二手车电商平台，融资8亿,109,109
新刊预览｜《ramp驾道》5月刊来啦！,107,107
大司马：不解释，不想解释，为什么只带40发子弹一把枪！,116,102
年薪多少不是问题，为何辽宁队和国产魔兽的签约却迟迟没有下文？,116,106
当年内测期间用QB拉拢了无数的DNF玩家现在却凉到没人知道了,116,116
想自治？想得美！普京调集上百架战机进攻叙利亚南部,110,110
看看这些大腕明星的学籍表吧，好玩好玩！,108,116
28岁出道，惨遭渣男骗光4亿，做过保姆，51岁的她活成最美阔太！,102,102
绝地求生刺激战场中，M416和AUG谁更厉害？,116,116
「夜听秀」谁动了我的乳酪,108,102
「荣述其行」骑行川藏线：四川德格印经院｜20120727,107,107
中新控股：区块链业务三个月带来2.9亿收入,109,104
商务部：中国对美方加征关税的态度没有改变,113,104
5月12日KPL比赛，RNGM24连胜被YTG在第一局就终结，你怎么看？,103,103
美国29亿彩票巨奖得主领奖不露面，彩民称“不公开不有利于公正”，对此你怎么看？,113,113
设区块链团队后，Facebook据称“非常认真”考虑推出加密,104,109
美国海军重启第二舰队 美媒：强化应对俄安全威胁,113,110
如何成为一个出色的饭店财务总监？,109,108
2018年海南停建90平以下住宅后，20多万还能在岛上淘到一套小户型度假房吗？,106,106
孙耀琦出席某活动，网友：白色礼服仙气十足,102,102
朱璇 苟芸慧，网友：再低一点就好了,107,102
张檬发微承认“小三”身份，网友：如此大义凛然地不要脸？,102,102
红旗正式发布品牌新战略，这款红旗车更亲民！,107,107
上海GDP领跑全国，不输“深圳奇迹”，靠的是什么？,112,109
女生最怕长途尿急？告诉你个羞羞的妙招，别不好意思看，轻松方便,107,107
三分26投仅中4太惨了！詹皇G1赛后下令直指全队，这话吓坏泰伦卢,103,103
从央视出走的主持人现在谁混得最好,102,102
柳枝行动已入孵382个优秀项目,104,109
顺风车、专车和快车有什么区别？,109,109
武汉江岸打造全国首个网络互娱体验街区,112,104
写文时剧情和文笔哪个最重要？,101,102
火箭与勇士即将在西部决赛相遇，以现在的状态，你觉得谁赢得希望更大？,103,103
智能公交站亭亮相河北张家口,107,109
移动支付成主流，智能收银行业兴起，这些行业却面临“失业”,104,109
机械部落：摩托车旅行,112,112
大胆！连裁判都打，皮尔斯怒扇裁判耳光，布泽尔重拳误打裁判肚子,103,103
“汶川地震”十周年祭,110,113
“蓉欧+”智能科技博览会月底将在青白江举行,104,109
香港大爷拍车模被群嘲随之打脸网友！因后流出啪啪车模视频（多图）,102,102
比特币午间行情：BTC/USDT在9300美元附近震荡,104,104
两名俄罗斯直升机飞行员在叙利亚东部坠机事件中死亡,110,113
枯山水实操全过程，看完你也会！,101,112
女人出次门至少需要准备多长时间？,112,109
流浪汉因搭建棚屋获千万巨款,113,106
和政：土地流转“地生金” 产业扶持通经脉,115,106
海外渗透提速 中国家电企业仍需补课,109,110
山谷里深潭，是个天然钓场，野鱼很多，可惜却被人霸占,115,112
为什么同样是沙盒，RPG比ACT的代入感强？,116,101
大哥三弟之战，昔日手足今天终于是要刀兵相见了！,103,103
真实年龄35岁的武僧一龙为什么还要坚持打十年？,102,110
精选笑话：儿子抱怨道：“老爸又不是小孩子，怎么喜欢八宝粥？”,103,100
十年后，2008 年汶川地震产生了哪些影响？带来了哪些变化？,107,108
以军装甲部队集结随时发动攻击 关闭部分领空：1小时冲到大马士革,110,104
鲜易网首个保税“生鲜跨境贸易电商线下体验馆”落户河南省保税区,104,109
最坑孩子的3大教育谎言，可怕的是99%的家长都信了！,108,108
伊朗基地遭空袭！200多枚导弹剧烈爆炸，伤亡严重,113,113
哪些撩妹的高端操作让你久久不能平复？,106,116
车速达120的时候，为什么加速踏板发麻？,107,107
小米6X玩游戏如何？值得入手吗？,109,116
为什么国人能接受并喜欢石川佳纯，但不怎么喜欢张本智和？,103,113
学会这三招 轻松申请高额信用卡,104,104
中水回用设备能满足哪些生活用水？,104,116
放弃了帕萨特和迈腾，果断入手这款车，大气又好开！,107,107
修罗用破空太刀好，还是轻剑好？,101,107
户籍改革之前，这4件事尽早办好，以免造成损失！,115,104
房地产依旧吃香？24万亿贷款流入，是喜是悲？,104,106
曾被称百年一遇女演员，却因情商太低再无火花，是活该还是可惜？,102,102
宿迁：桑葚采摘正当时,112,115
美国中情局局长女性候选人的前途难料，曾在海外残忍虐囚,113,109
精灵宝可梦GO大火的背后，是什么在做支撑？,116,109
叙利亚为什么会有人反对巴沙尔政府？,113,110
《我的几十年散记》开篇三则,110,107
重大消息！以军紧急进入作战状态，伊朗上千导弹已就绪，大战在即！,113,110
小产权3500和大产权6500的房子，应该选哪个？,115,106
有哪些高质量的网络小说？,101,101
马德里赛纳达尔轻取法国小黑 成功闯进第三轮,103,113
安徽马鞍山：“芯”产业正崛起,109,112
DNF远古图双开组队刷跟单开爆率一样吗？,116,116
MSI：香锅和小花生两人都是食肉型打野，进攻性香锅是最狠的,116,103
特朗普为什么要退出伊朗核协议？,110,113
老照片：清末的火车出行，南满铁路1900年代,110,113
金毛背上肿起一个大包，直到去了医院才得知原因，心疼死了,100,100
现在有共享汽车吗？,107,109
上课时学生手机响个不停，老师一怒之下把手机摔了，家长拿发票让老师赔，大家怎么看待这种事？,108,108
越南水果出口业的局限在哪？,112,115
为什么工资越来越高，却总是听说越来越难过，生意越来越难做，工作越来越难找？,109,115
你个人认为，谁是NBA最伟大的球星？,103,103
去日本旅游，到了日本不回来可以吗？,112,113
善良新娘想要养母参加自己婚礼，生母大骂：你不配！养母委曲求全,102,113
马云演讲 未来5到10年将有一大批人失业 不知道损失就大了,109,109
琅琊路小学荣获滁州市鼓号队比赛一等奖,108,108
安悦溪出席活动，扎双丸子头似清纯少女，网友：她真有28岁吗？,102,102
哪个运营商的宽带好？,109,109
银行卡可以异地销户吗？,109,104
为什么各国不控告美国发动的伊拉克战争呢？,113,113
女司机高速尿急别慌！带上这种“移动厕所”，轻松解决尴尬问题,112,107
如何面对逆境？,110,113
越南胡志明市的经济发展水平相当于中国几线城市？,112,113
学佛先学什么？,108,101
南宁最豪华润幸福里，地下停车场名车云集，秒杀各大车展！,107,107
美国撕毁伊核协议，伊朗态度强硬，重金招募近20万雇佣兵,110,113
全民无MSI转播权，小智回应：你认为LOL的比赛还有那么刺激吗？,116,116
法式建筑风格的越南国家历史博物馆,113,113
吴亦凡的音乐究竟是个什么水平？,109,109
为什么汽车停驶一段时间之后车身就很容易发生锈蚀？,107,107
电动车是否会快速取代燃油车？,107,107
《欢乐颂》五姐妹你最喜欢谁的穿搭打扮呢？,102,102
那么红不烫手吗？真的不烫吗？,110,103
上联:腊梅吐香迎冬至，下联怎么对？,101,101
宝应县对辖区内药品经营单位进行专项检查,103,107
小孩经常玩手机，做家长的应该如何做？,109,109
反超！央企保利1-4月销售额跑赢融创,106,106
服就服泰国的榴莲广告，竟然可以这么演！,102,113
京东领投，工业品MRO电商平台「工品汇」完成2亿元B1轮融资,104,104
非洲几种街头美食，看着这些“美味”，你能接受吗？,113,113
如何把switch的截图传到电脑上？,116,109
在自己家屋顶插国旗犯法吗？,113,108
Lol里的妹子变成了动漫风，女警身材好蜘蛛颜值高，奶妈名副其实,116,116
放弃哈弗H6提吉利博越，车主：都很好，不喜欢街车！,107,107
不小心清理了微信缓存，聊天被清空了该怎么办？,109,104
老总失踪公司负债2亿申请破产 法院助其重生,104,104
义薄云天or社会毒瘤：《如龙》反映了多真实的日本黑帮文化？,116,113
复仇亚泰！苏宁反弹紧咬争冠集团 亚冠资格值得憧憬,103,103
MSI小组赛5月11日打响，Uzi直面玄冥二老RNG大战KZ,116,116
市场行情是自然行成,115,115
巴马香猪养殖场场地选择,115,115
真融宝荣膺《网贷口碑优选榜》三甲，开启新征程,109,109
印度尼西亚期望用区块链技术来推动政府治理,109,109
两马要被一雷给比下去，曾经还有合作过,109,107
频繁使用花呗、借呗、微粒贷、京东白条会影响在银行的信用吗？,104,104
著名演员:王姬,102,102
原来你如此动听 FIIL耳机走进大学校园,109,108
赵丽颖又拍时尚大片，网友纷纷夸赞：也太好看了吧！,102,102
她是王室婚礼抢镜王，也是行走的英伦时尚教科书,113,102
马云又出惊人言论，8年后房子最不值钱，他的话可信吗？,106,106
咔拉宝宝CEO陈实受邀出席58创业节分享：创业不是买卖是创基业,104,104
又一豪华SUV要国产，进口2.7T不将奥迪放眼里，45万看懵宝马X6！,107,107
刘强东：电商二选一对京东短期财务确实有影响,104,109
外媒：东芝180亿美元闪存出售计划恐难实现,104,109
第五人格：萌新屠夫巡视医院时发现不对劲，吓得他直接卸载游戏,116,116
十万块钱买个车还送“手机”，这款国产车想用这个功能改变我们？,107,109
机器人产业成风口，国内外科技巨头上演争霸赛,109,104
什么是年报？年报有哪些内容需要申报？,109,109
快去加油！油价今日调整又要涨,107,104
什么是八面出锋？,101,108
INFINITE金圣圭个唱现场宣布入伍 本月14日入队接受训练,102,103
中国阅兵仪式上的导弹都是真导弹么？答案在这里,110,110
座驾“更酷”！普京就任总统为俄产车代言,107,113
天坛大爷晨练时玩的这个玩意火了！北京还为它设置了专门的博物馆,101,112
为什么茂名流出人口数量在广东是最多？,115,112
电子科技大学和北京邮电大学，究竟谁更厉害一些？,108,108
一季度滨州经济运行“稳好新优”,115,104
"舒城这个地方登上国家文化和旅游部网站，""旅游+扶贫""模式受关注",115,112
继洋垃圾之后，美国又面临一大“灾难”，英国称可以卖给中国,115,113
地里的桃子等着卖，找车却很头疼，谁能介绍个靠谱的货运部,115,109
旷野之息之前的塞尔达传说系列有没有可能高清重置或者移植到switch上？,116,116
匈牙利总统授权欧尔班组建新政府,113,113
5个月英特尔投资部拿出1.15亿美元，帮NBA和创业者包括3家中国公司,109,104
女友养了他整整八年，一战成名后带女友环游世界挥金如土,103,100
台湾网友谈FW胜RNG：我们不要卡萨和MMD了,103,116
美国总统退休后都靠什么挣钱？,113,113
意拳、大成拳宗师私底下传授的心法要领，讲的非常透彻,100,102
没有房照，有开发商转让协议的房子可以买吗？,106,106
剑圣，剑魔，剑豪，剑姬，单挑谁最厉害？,116,109
绝地求生：大神用乐高还原武器，你还认得出这些枪吗？,110,116
为什么国人能接受并喜欢石川佳纯，但不怎么喜欢张本智和？,103,113
渭南用文化资源向海内外商会发出邀请,112,112
易燃装置韩宇夺冠，他的燃爆搭档你不得不知道,102,103
陪读母亲每天做这项小生意1个小时，每月的收入可供一家人生活费,108,104
从褚橙到褚酒，是战略眼光还是投机？,107,110
上联：下雨天留客，如何对下联？,101,101
珍贵二战影像，二战时美军“科罗拉多”号战列舰穿越巴拿马运河！,110,110
杨紫秀歌喉张一山不忍直视遭狂虐 王俊凯西装帅气,116,102
千锋成都软件测试培训课程这几点优势 让你高薪就业,108,104
街头霸王当着泰森女人的面骂泰森是同性恋，结果被泰森一拳放倒！,103,102
子弹出膛瞬间，手腕急速抖动，枪口恰好形成作用于子弹尾部的力量会发生什么变化？,110,113
微软 Kinect 正式「复活」，可它的目标不再是游戏行业了,109,116
这3款车好看又实用，修理还便宜，一箱油让你跑700公里！,107,107
卡戴珊家族几姐妹你最喜欢谁？为什么？,103,103
甘肃文科考生的摸底成绩在430-450之间，想报财经类学校，有哪些大学可以报考？,108,108
明朝巨富沈万三如果放在今天，会是什么水平？,106,113
当血顺着我的腿滴下，我心里有了决定！,100,116
真皮鞋越穿越大怎么办？,112,104
没上市前黄婆卖瓜，上市后对不起买家,107,107
农妇刘菊英的最后时光,100,112
9日科技精选：姚劲波：虚假信息的质疑让我难受，58同城不会变成暴利公司,106,104
战争终于到来！伊朗以色列全面开火，美俄做出这样的反应,113,110
为何要信任“大胆”而“小众”的丰田？,107,113
美国男子城市之巅飞檐走壁 将纽约摩天楼顶变游乐场,113,113
美军士兵为何多不系“头盔带”？不是因为耍帅，而是因为没办法,110,110
准王妃梅根和哈里王子“不会蜜月怀宝宝”的原因，是出于安全考虑,102,113
道家去病歌——当中有真意！,101,102
把航母开翻的男人 巴黎埃梅里赛季结束终将离任,103,103
四川人为什么爱说“锤子”？,101,101
如果支付宝和微信倒闭了，我们在上面的钱能提现出来吗？,104,109
上联：弹古筝唱民歌，雅俗共赏。如何对下联？,101,101
世界之最（一）,113,116
不知“鸿鹄志”的北大校长道歉了，网友们也吵翻了,108,101
为何老挝的大米卖不出去？中国人一到就卖出去了，看完总算明白了,115,110
如何评价《模拟城市，我是市长》手游？,116,116
"新手第一辆车，哈佛H2,H2s,瑞虎5x和帝豪GS哪款好一点？",107,107
大猪“拖累”猪市，上周猪价微幅下滑,115,115
无界零售带来高增长，京东的开放赋能战略开花结果,104,109
周琦第一个赛季就打进西部决赛，姚明整个职业生涯就进过一次西部半决赛，你怎么看？,103,103
对于联想把5G的票投给高通，华为微弱劣势丢失了标准，你怎么看？,109,109
购房者须知：买房进售楼处购房者要怎么问？,106,106
范冰冰一袭白裙亮相戛纳游艇，五大国际女星斗艳范爷气场不输,102,102
为什么很多人宁愿观看长长的广告，也不开通腾讯视频会员？,102,109
格林美与北汽鹏龙合作 参与退役动力电池回收,107,103
当年你在游戏厅玩哪些游戏可以轻松一币通关？,116,116
WANNA ONE黄旼泫河成云李大辉曝新专预告照 黑白照片显梦幻朦胧感,102,116
漂亮空姐遇害，女孩子离家在外应该怎么保护自己？,113,107
你见过的最奇葩的假文物是什么样的？,101,101
淘宝版旅行青蛙的商店,112,112
中国历史上哪个朝代是最强大的？,101,101
哪个国家的男人平均颜值最高？,103,113
销售员陪客户聊8小时，交完定金时反悔，业务员气到吐血昏迷,107,104
DNF夕阳骑士，漫游负责帅就可以了！,116,116
长得像黄渤，这个中国人竟然要竞选美国总统？网友沸腾了,113,113
这景点刚开就被游客祸害惨了！难怪老外看不起我们，看完让人气愤,112,112
独一无二的“震撼”!,107,113
江南公园6月1日免费对外开放 这些美景值得看一看,112,112
应掌握好助听器听取的最佳距离,108,103
投票事件过后，联想今后的日子该怎样走？,113,113
上联：公鸡打架头对头，下联怎么对？,101,101
“十块钱小苏打饿死癌细胞”，你信吗？,102,115
9日数码精选：安卓9.0开放！国产四大家首发 俩巨头离奇缺席,109,102
苏曼殊：不主动，不拒绝，不负责,101,113
我的真朋友好看吗开机看点介绍 Angelababy演什么角色,102,102
一家频临倒闭的店如何快速做到月入3万？,109,109
上联：今日洞房花烛夜，下联怎么对？,101,101
中国至今有什么未解谜团？,101,113
你充过钱的游戏中，哪些游戏是你最后悔的？,116,116
LOL官方推特：北美夏季赛总决赛落地金州勇士队甲骨文主场球馆,103,116
51个浙江品牌闪耀中国自主品牌博览会,109,104
如果发生战争，美国可以拉多少国家加入到自己的阵营？,110,113
唱响青春旋律，清华大学青春歌会即将举办,102,108
别看到车窗脏就乱加洗洁精水，简单一绝招，1年用不完还能刮干净,107,107
表演艺术家严顺开去世，网上居然说无一人探望，真相到底如何？,102,102
下联：白雾动情抱碧峰。怎么对上联？,110,101
小七又在吃冰糕！刚减肥成功的七公主，夏天又要变成小胖丫了,112,102
17岁被英国帝国理工学院录取，这个学生却说自己“被套路”了,108,108
神奇宝贝：智神曾经拿过这5个大赛冠军！网友：一个比一个没用,103,103
云南滇红工夫茶的等级如何划分？,116,102
紫光国微DDR4有望年内完成开发，但出货量不大,109,104
年鹏季后赛采访吐露肺腑之言，除了成绩他更看重另一方面,116,103
你说这房子300万，钱没白花？我看这郊区土豪肯定被骗了,115,106
小罗伯特唐尼和范迪塞尔对决，谁能更胜一筹,102,108
北京治理修复7个污染地块 变污染为绿色安全,106,115
巡洋舰和驱逐舰到底是怎样区分的？,110,110
美军纵容了塔利班势力崛起，如今搅乱局势后力不从心，准备撤军,110,110
nba历史球员中选12人组成一只球队，如果作为教练你会怎么选？,103,103
央行公开市场净回笼200亿 本周净回笼1400亿,104,104
Looper：Impact和Gogoing是我曾经最大的对手，退役因为技术不行,116,103
如果现在一架最先进的战斗机穿越至秦朝坠毁，你觉得秦朝人能逆向出什么黑科技？,109,110
黄宗泽也玩抖音了 黑白复古风还是依旧帅气,102,102
书生自有力万钧,108,101
传承千年的10句日常俗语，接地气显才气！,115,112
我们看到许多100光年外的天体，那么我们看见的是100年前的事吗？,110,100
华夏幸福再获券商看好 平安证券继续强烈推荐,104,103
大学毕业在家沉迷于网络游戏的人，有什么好的办法可以解决呢？,108,116
懂车的男人，一定会给爱车装上这些LED灯，节能行车又安全,107,107
普京到底是俄罗斯的英雄还是罪人？,113,110
当有人总是拿你的弱点开玩笑怎么办？,103,104
有些车在倒车时，出来的上帝模式能看清整部车和车周边的视野，这是什么原理呢？,109,115
唐山重点教育新闻今日概览,109,104
「仙境天使」范丽：在平凡的岗位谱写不平凡的篇章,112,115
美国到底是衰退还是变得更强大了？,110,110
东营这个城市怎么样？,106,109
陆地巡洋舰算什么，这款陆地航母才叫霸气，14.8L的排量是标配,110,110
万里会论坛｜从海岸到精神高地——澳大利亚行知书,112,112
美国侵略阿富汗的真正原因是什么？,110,110
你如何看待，美国总统特朗普民调支持率创新高？,113,113
林忆莲出席某演唱会，网友：一看这腿就知道她是个健身爱好者,102,102
当穆帅最终离开红魔帅位的时候，会是怎样一番景象？,103,116
印尼巴厘省媒体记者团到嵩口镇考察,115,104
把孩子送去夏令营合适吗？,108,108
枪战不换弹夹，《红海行动》有bug？是时候来一波名枪大起底了！,116,116
从何而来的自信，沃尔沃旗下首款超跑定价145万人民币,107,107
程维：滴滴未来不再以竞争和烧钱为导向,107,107
第十五届河北省运动会将于9月8日开幕,103,103
河南师范大学新联学院2018届美术学毕业生画展部分作品展示,108,101
景甜现身上海机场，张继科：小甜甜你短裤穿反了，回家再收拾你！,102,102
中国品牌崛起之路怎么走 国美称中国零售们要闯三道关,104,104
江苏南京业主抱团要求房价每平米上涨1万元，你怎么看？,106,102
贵州恒丰1：1逼平上港取主场第1分，贵州保级还有希望吗？,103,103
亲爱的，我们一起睡个觉吧,112,100
叙利亚和土耳其开打的几率增大，俄罗斯会支持谁呢？,110,110
南太平洋发现第4条巨大垃圾带，面积相当于美国加州的2倍,113,113
昆明陪驾公司为什么都模仿途安陪驾？,107,106
H&M 开卖 Met Gala 主题服装，以及，霉霉代言 Fuji Film ︳浮华日报,109,102
兵乒球世锦赛央视请来世界冠军刘伟做嘉宾解说，对她的解说你怎么评价？,103,103
蜀山区招募15名“三支一扶”大学生,108,108
沃神爆料，猛龙已经解雇主教练凯西，你怎么看？,103,103
教育看天下，昆明教育午间纵览,107,108
投资社区青年未来 PG&E承诺再增百万元,108,106
优弗留学分享申请美国名校硕士的11个必要因素,108,108
千元全面屏手机，华为畅享8 plus与中兴旗下品牌努比亚N3，哪一款更值得入手？,109,109
如果这个赛季勇士再夺冠，是不是对NBA发展不利？,103,103
这款暴力小车要是入华，飞度Polo得凉一半,107,116
工龄20年退休能领多少工资？,104,106
恒大爆冷客场惨败，上港中超两连败，你看好鲁能弯道超车时隔多年重夺榜首吗？,103,103
上联:日出东山鸡犬喧，下联如何对？,112,112
现在的火炮精确度到底有多高？进行抛物线射击，能否击中五公里外一平方米目标？,110,110
智慧农业四大典型应用新技术是什么，它们是如何驱动农业变革的？,115,115
微商“喜提体”走红，都买上火箭了，感觉地球已经满足不了他们了,107,103
俄罗斯驻沪总领馆庆祝胜利日，东方明珠旁唱响喀秋莎,113,113
给参加马拉松的跑友提个醒,103,103
东北大鹌鹑操作技术大概是什么段位？,104,109
去北京4天住雍和宫附近，有什么游玩建议？,112,112
汽车在正常行驶时周围是否有磁场？这个磁场大小怎么样？,109,107
爷爷耗时仨月耗资三四千手工打造专用樟木童车 只为接送孙女上学,107,115
如何看待ba黑凤梨双杀hero久竞？,103,103
内马尔要去皇马的第一步？五年来首次Ins首次关注拉莫斯,103,103
安切洛蒂：我更想当俱乐部教练,103,103
偶像练习生和创造101是否能开启中国偶像元年？,102,102
如果美国打伊朗，最快可以多久解决战斗？,113,113
现在在中国什么样的收入属于中产？,106,110
大触绘制机甲风宝可梦 战争机器拉风之至,116,110
哥哥去世嫂子抚养小叔十年，嫂子再婚小叔送大礼，让嫂子瞬间泪目,100,100
忘不了家乡的好山好水 我们回来创业了,115,109
詹姆斯人生最大的耻辱是离开骑士，但詹姆斯永远是骑士的英雄！,103,103
985 211的大学生在社会上过得怎么样了？,109,108
飞机摔怕了？美空军做出难堪决定，世界最强空军瞬间全停飞,113,110
刺激战场：近距离考验机器人的枪法，却险些被机器人淘汰,110,116
问答：为什么小米是在开曼群岛注册成立的？,104,109
减少群众办事“堵点” 江苏各地积极推进“减证便民”,106,104
为什么现在银行不愿接受房贷，难道房子未来不值钱了吗？,104,106
你买了哪几只，微头条直播记得关注哦！,104,106
素有三贤故里的四川资阳，有什么出名的东西吗,115,101
小记——我的堂姐,108,100
有人将你抬得很高，有人把你贬得很低，你究竟有多大出息？,115,110
寻荒问野-两兄弟从蛇口救走幼鸟 喂养方法有点不忍直视,102,102
8个Ram 1500s被盗，2个在Warren工厂抢劫中恢复,113,101
重要！最后紧要关头，千万别栽在这上,108,108
在MSI小组赛首日，RNG对战KZ时Letme的表现如何？,116,116
悦支付银行备案吗？可靠吗？,104,104
房价还可能降回2010年前的水平吗？,106,106
拉姆和她的冬虫夏草,112,112
高中生运营自媒体需要学习掌握哪些能力？,102,108
看看美国星座计划耗费573亿后，因缺乏创新项目被叫停,113,104
伊朗：导弹一旦开启，以色列变火海，内塔尼亚胡秒变怂！,113,113
半决赛G5赛后，所有的球员都与保罗拥抱致意，你怎么看？,103,103
唐僧为何失信，没有帮通天河老龟问寿命,101,102
混吃等死的大学班长与收入七千的同学之间的饭局,108,108
范丞丞帅气现身时尚大牌活动，个人资源比C位蔡徐坤还强大,102,102
鹿晗成为中国留学归国人员50强的背后是什么？,108,102
促进资源同享 沈阳建生产能力大数据共享平台,104,109
数字营销服务商“优艺尚互动”完成Pre-A科金控股领投,104,104
《巴啦啦小魔仙》小黑魔仙火了，美琪做网红了！唯独她自毁前程！,102,102
“如意甘肃”抖音大赛双重大奖等你来拿！,112,103
学汽修到哪家好？,107,107
一段不被大众看好的婚姻，他们用了十一年过的所有人的祝福,102,102
什么是妖股？,104,104
正月初六，回家的你走还是不走,115,115
重庆长安汽车股份有限公司,104,104
冰雹、冻雨、雷雨……它们都是哪来的？,107,113
中国遭遇的这条“拦路虎”千亿悬赏无人敢拿，超级工程从未停歇,113,107
任天堂公布Switch会员详情 20美刀包年9月上线首发赠送20款FC游戏,116,116
夏季种植水生花卉开花美丽至极,115,115
4年间从身价250万英镑到2亿欧元，他是怎么做到的？,103,112
过几天去青岛玩，类似青岛大虾的情况还有吗？,112,112
跪也没用！两次救赎完全浪费，武球王成上港最大笑话,103,113
刺激战场中比较难获得的称号有哪些？,116,116
防弹少年团jimin再收到死亡威胁，做爱豆太不易了,113,102
蒜薹价格开始涨了，那么大蒜价格会不会涨？,115,115
京东季报图解：运营利润440万 京东物流完成25亿美元融资,104,104
欧美同学会首届数字经济与人工智能大会在蓉开幕,104,109
如果苏格兰公投独立，英国还配继续成为联合国的常任理事国吗？,110,110
秭归三个地方，名声远扬，美女早已泛滥成灾，屈原故里不是白叫的,101,112
5月9日今日起强势个股分析,104,104
如果俄罗斯没有侵占克里米亚，会受到国际社会的制裁吗？,110,110
畅游全球：带你领略巴基斯坦罕为人知的狂野一面,112,113
詹妮弗·劳伦斯活动照，网友：这一转身，感觉世界都亮了,102,102
桐柏：巡察监督，暖民心惠民生正风气,108,112
南京市秦淮区举办旅游厕所建设管理专题培训,112,112
波妞参加爬行比赛得第一名 实在太累了 在车上拿着面包睡着了,102,103
平安产险临汾中支：拜访洽谈 共促发展,107,104
跑男迎来龙舟赛，出场自带光环的他们，竟也有这样的一面,102,103
大姐我儿子要高考了，请你带着你女儿回你自己家住吧,100,108
玩游戏出现过两次蓝屏情况， 是驱动不兼容造成的吗，应该怎么办？,116,116
潮落三江浮华远，如何接句？,112,112
2008年5月12日那天，班主任的举动让我终身难忘,113,108
好看漫画《永远在一起的方法》,102,113
给想要买哈弗H8，又不敢买的潜水艇们打气！,107,106
杨思敏出席某品牌代言活动 网友：白色轻纱很减龄！,102,102
中国历史上真正的三个万人敌，没几个人能和他们打,110,101
完美赚钱计划诞生记,109,104
如何正确使用恋家网——恋家网使用说明官方视频,106,115
水冷V缸成亮点 轻骑GV-125S巡航车实拍,107,104
你对“钱”的认知已经严重落伍了,109,115
知行合一是盈利的基石,104,104
谢娜产后逆生长？近照曝光简直白到发光！娜娜你也太美了吧！,102,102
兰博基尼的V12动力如此强悍，为什么奥迪还要用w12双涡轮？,107,107
在当今中国，有两套房是什么感觉？,106,106
横跨长江真英豪，2018年武汉国际渡江节报名方式大不同,103,106
如何对待不合己意的人？,101,101
误用成语很尴尬，学会这些成语，让您的孩子出口成章,108,108
手机产业专利纠纷不断，小米手机如何生存？,109,109
黄土高原可能完全恢复植被吗？,115,103
亚洲人口最少的首都：仅5万人没有高楼大厦，人民生活却很幸福,112,112
轻资产强研发 金一文化积极构建黄金珠宝全产业链,104,104
艺术家让我帮他拿着，难道要讹我，感觉出的手汗都能把艺术毁掉,101,102
“非遗”香云纱身上穿，顺德这场古香古色的秀很吸睛,101,102
打王者怎样让自己不遇到坑比？,107,107
凶猛黑蜂！雪佛兰科迈罗宽体空力套件,107,112
持有一只长期不卖的股票是什么体验？,104,104
寿险一哥三回合争战 中国人寿致胜秘密武器曝光,104,104
汉军V5｜武汉卓尔，从胜利走向胜利！,103,106
情侣+智能 情诗酒店开创酒店业新风口,104,112
中国武警“雪豹”突击队在国际特种兵比武中荣获亚军,103,110
第12届上海双年展在纽约举办推介会,101,106
“杭州·纽约联名地铁卡”在美国发售,112,109
美媒评出：NBA30岁老将排名，韦德安东尼未入前十,103,103
高德地图和百度地图有哪些区别？实测后发现两者的差别,107,112
《英雄联盟》推出的暗黑系新英雄为什么这么像鲲？,116,116
释放年轻能量 2018蜈支洲岛第二届低碳·青春mini马拉松圆满结束,112,103
普京任命梅德韦杰夫为俄罗斯新政府总理,113,113
游山玩水带啥好？vivo X21了解一下~,107,109
东风21D的战略威慑究竟有多大？,110,110
如果俄罗斯和以色列单挑，谁会赢？,113,110
寒暑假培训机构招生好难，有什么好的招生方法可以分享的吗？,108,108
NBA球星中有哪些“妻管严”？,103,103
奥巴马还可以竞选总统吗？,113,113
离婚后怎么处理和前夫的关系？,102,102
投其所好！英外交大臣上特朗普最爱看电视节目喊话：勿废除伊核协议,113,113
叙利亚会变成以色列和伊朗的战场吗？,113,110
以色列安全吗？,113,113
如果小米造战斗机会怎样？,110,110
严厉打击农村恶势力！农民拍手叫好！,115,115
俄胜利日彩排亮点多！超音速“匕首导弹”高调吸睛！,113,110
谈谈凌渡的“宽”,107,103
人鬼生死恋,100,110
街上拿着一台手机卖，问“要不要手机”的都是什么人？,112,109
王者荣耀：游戏中碰到这几个英雄时，有可能你碰到的就是大神玩家,116,116
现在的樊振东和马龙谁更厉害一些？,103,109
虚拟货币、数字货币、加密货币、代币、通证有什么区别？,104,109
农村统一规划建房补贴有哪些？这3类村庄不会纳入规划范围！,115,115
汶川重建故事之二：筑梦高原，格桑花开,108,112
老婆每月给我5千，我在家看孩子，偷偷去看老婆，我扔下孩子就走,100,100
现在是应该卖房还是买房？,106,106
这位英雄在西藏阿里留下4句话的遗嘱，然后高呼：再见了，同志们,110,109
92岁前任手撕现任！马来西亚大选将至 厮杀惨烈,113,113
美国中小学教育那么差，为什么能获得那么多诺贝尔奖？,108,108
谁有中国贵州“天眼”参观小攻略吗？,109,108
被人民日报批评之后，中国移动终于做出了改变？,109,109
「若木诗词」：七绝/槐,101,101
合时代与一对北漂情侣的不解之缘,104,102
媳妇每月给婆婆3000块钱，丈夫却还要离婚，最后媳妇做法大快人心,102,100
耐克引进AR技术 助力商品推广,109,108
外媒：汶川地震遗址成旅游景点 每年维护费用2000万,113,112
苹果对新闻内容有兴趣 去年开始大规模招聘编辑,109,109
厉害！这几位老艺术家一登场，全场明星起立致敬！,102,103
网络营销计划应全面考虑每个管理过程，制定完整的计划书,109,109
"此女13岁嫁人, 14岁生孩, 儿子、丈夫都是国家一把手",100,102
感觉甄子丹一脸尴尬，网友：熊黛林给人家点面子好吗？还穿高跟鞋,102,102
男朋友长期不联系你，学会这6招就能让他主动联系你,100,109
以色列警告称如果战机被击落将会轰炸俄军事基地，你怎么看？,110,110
外媒：滴滴美团争夺战将造成注意力分散，投资者不安,109,109
丈夫大肠癌病逝前捧妻脸说：找到像我一样爱你的人,113,102
世界上最可怕的“战术”让美军怕了几十年！,110,113
民联：“三资”清产核资先行走好“三变”改革第一步棋,115,101
高中学历想做翻译，考了翻译证，会有翻译公司要吗？,108,108
中国武警“雪豹”突击队在国际特种兵比武中荣获亚军,103,110
篮板为什么都是矩形，而不是用圆形的呢？,103,102
这些世界上危险度最高的路段,113,113
想用十五万来创业，有哪些适合做的项目？,115,109
老梁：1万吨直径17米的陨石从天而降，爆炸威力是广岛原子弹30倍,110,110
DNF里的瞎子巅峰时期有多强？,116,103
怎样避免小孩听力下降？,101,104
“人造猪肉”即将面世，这对农村的养猪大户有什么影响呢？,115,115
用手机怎么赚钱？,104,109
中超第10轮各支球队发布赛前海报，让我们一起欣赏一下这些海报,103,103
手机里有哪些APP是刚需？,109,109
对越自卫反击战，遭遇越南女兵的那些尴尬事,110,113
尿素，氯化钾，磷铵，复合肥价格行情（05月08日）,104,104
太极拳有提肛一说吗，该怎么练？,101,103
印度军队打仗不戴头盔，而是戴头巾，是真的穷还是坚持信仰？,113,110
中美学者联合声明：中企有权在高科技领域超越美企,104,109
羽量级选手查得·门德斯禁赛期满即将在UFC133上复出！,103,103
革除作风积弊 聚力固本培元,110,112
中国公认硬汉排名，吴京垫底，李小龙仅排第二，第一你意想不到！,102,102
借条上写明以车抵押，为什么有些到期后不管用？,104,104
80分钟与一刹那—长春亚泰0:1天津泰达后记,103,106
郭碧婷出席活动，网友：白嫩的美背 转过身更是让你流鼻血,102,102
2018重庆最值得出手的楼盘在这里！,106,106
中国有哪些现存的著名历史景点？,101,112
北大、复旦等13所名校自招初审名单最新公布！双流这么多学生上榜,108,108
未来，就业率超高的四个大学专业，出来就是金饭碗,104,108
去横店旅游，真的会看到演员拍戏吗？,112,102
2010年亚丁湾到底发生过什么？,113,113
10年前的今年，纪念5.12汶川大地震10周年,113,110
助教杨鸣：最完美的结局，最完美的开始,103,101
银行卡二类帐户可以申购或赎回开放基金吗？有没有金额限制？,104,104
小米什么机型在2000以内可以流畅吃鸡？,109,109
华裔作家伍绮诗再度征服欧美文坛！《小小小小的火》引进中国,101,113
那个放弃580万年薪，拿月薪500去创业的人，后来怎么样了？,109,102
老梁：舌尖上的中国只是艺术！生活很现实，都那样做哪有钱赚？,102,101
恭喜，幸运的你被选中啦！获得价值1900/年的SSL证书免费试用名额,109,104
支付宝已经更新了，为什么余额宝还是9点限售？,109,109
氪空间刘成城：盲目并购无意义，2020年追上WeWork,109,107
继母养我8年，她女儿结婚我送2000，看到新娘的肚子，我气得牙痒,100,100
拒绝“填鸭式教育”，看国外怎么培养学生的自学能力,108,108
城中区民政局组织趣味运动会为“慢飞天使”的妈妈们过节,103,108
我国这几组三省合称的省份，你认为哪三省联系最密切？,101,110
财联社5月9日新闻联播要点汇总,113,115
中国架子床，世界公认最科学的床,101,113
小狗UZI在得到LPL冠军后，会不会状态下滑，你怎么看？,116,116
这个时代，永远不能少的是工匠精神,109,102
区块链到底是什么？,109,109
江西赣州的结婚规矩是什么？,106,101
淄博张店：新蒜上市直逼干蒜和蒜苔价格月降50%,104,104
詹姆斯准三双 骑士横扫猛龙晋级东决,103,103
8千入笔电翻船了，有性价比机型推荐吗？,116,107
未来一百年，有可能出现某个国家取代美国成为世界的领导者吗？,113,113
这些印度电影让你哭 让你笑，你信不信，阿米尔汗赞！,102,102
第一批90后，你有多少存款？看完网友回复，80后70后的你有何感想,106,106
会泽特色美食推荐之——会泽干酸菜,115,103
如果总决赛，火箭打骑士与勇士打骑士哪个胜算大，为什么？,103,103
盘点那些没有完结就已经停更的动漫，哪一部是你的回忆？,102,113
目前应用区块链的物流公司有哪些？,109,109
租房“被贷款”！惠人贷、元宝e家、华融消费金融等都有涉及,109,106
穷学生借老师5万元创业，20多年后摇身一变，成为中国大陆首富,104,104
手游QQ飞车200块试水开狗车，这一波我感觉腾讯亏了,109,116
图虫摄影：昆明陆军讲武堂,110,112
有秋季高考吗？,108,108
怎样才能看懂《周易》？,101,108
美国总统特朗普宣布美国退出《伊核协议》,113,113
为什么好多人都拆了节温器？,107,115
律师解答：中介买卖房屋风险怎么防范？,106,106
一周回顾丨教育行业大事件（4.29-5.05）,109,104
世界上的那些“要命”的公路！哪一条你敢开？,107,112
在现在的苹果总产量下，优质苹果的价格已体现出来,104,109
从省到乡多位领导茶博会上为茶发声：共推川茶品牌，造福一方百姓,101,104
有了世界权威机构的撑腰，“杨氏电疗”会卷土重来吗？,116,113
“宿命之战”！朴槿惠却是选择了放弃，韩国前总统“宿命”如此？,113,113
小伙买房被套路，提醒买房者一定要看好,106,106
为什么说在股票市场里就是手快的人赚手慢的人的钱？,104,109
反对派拒绝签署协议，政府军准备玩大的，攻下最大军事据点,110,110
白鹿原的樱桃白鹿的仓白鹿原的苏宁易购今天开张,112,102
沈阳的名人有哪些？,102,112
马云：资本寒冬，那时候已经不对投资者抱什么希望了，只能自救,104,109
南京终于出手缓解择校难！三年内要做这些事！,108,106
把吃鸡玩成平底锅大战也是没谁了，最终要的是还没杀掉,116,116
《北京女子图鉴》细数戚薇十年奋斗史！陈可小姐姐的真实写照,102,102
家里喜得千金，外公连夜作诗，这文采给跪了！,115,115
独角兽药明康德霸气登场，没上车的如何吃肉？（受益股名单曝光）,104,104
如果把美国换成俄罗斯，世界会怎么样？,110,113
护士节丨白衣天使别样的节日庆祝,110,110
青岛樱桃熟了！价格、位置和电话都打听清楚了！,115,115
运动会都有什么项目？,106,106
以色列空袭叙基地，窃走中东重达半吨的绝密核武资料，美将出手,113,113
穆里尼奥希望曼联支付2500万获得这位比利时人,103,103
“日本制造”垮了？不存在的,107,110
河北华夏幸福未踩场，佩莱格里尼与埃尔纳内斯摸草皮后离开,103,103
琴声倚松共赏月，如何对下联？,101,101
汉中在元朝之前，是省级行政单位，现在的汉中发展如何呢？,112,113
电动汽车和混合动力车哪个好？,109,107
台积电作为世界最大的芯片代工厂，所有芯片公司都是由它代工，为什么它不自己生产芯片？,104,104
一汽、东风、兵装高层人事再换防,107,107
航天科工二院25所福道公司仪器设备管理系统软件产品获计算机软件著作权,109,110
蒜苔谁抽谁要，大蒜上市能卖几毛？,104,115
西决地板？,103,103
上联：飞叶一片知秋意，求下联？,101,101
方舟子说象棋源自印度，中国古代没有大象，你认为这种说法怎么样？,101,101
请放下你的面子，迎接失败,103,102
漠河的前世今生：大兴安岭火灾烧出来的旅游名城,112,112
有什么投资五万左右，可以一个人做的生意？,104,104
「佛系开箱」Xbox 360 光环3限定主机收藏版开箱,109,116
ALphaGo之后，人工智能的未来何去何从？,103,109
五月一定要去一次江南——吃喝玩乐全攻略,112,112
iPhone X的Siri变强后，为何用户却给出了差评？,109,109
「网络清朗」网络自媒体不是“法外之地”，造谣者必将付出代价！,104,104
孙俪晒一家四口海边照，配文：在同一片海，等等小花妹妹又长高了,102,102
对于联想把5G的票投给高通。华为微弱劣势丢失了标准，你怎么看？,109,109
特朗普祭出大动作！市场出现巨震 欧洲要飞出“黑天鹅”？,104,113
就要高考了，孩子每天还深夜打游戏，怎么办？,116,108
象牙那么贵，为什么收缴后要将其烧掉？真实原因令人无奈！,113,107
假如小偷翻墙进家里后院偷盗未遂被狗咬死，狗的主人需要负责吗？,113,115
2018世界杯特许商品入驻故宫文创店,112,103
2018电梯市场新态势，国产电梯发展走向新增长之路,106,104
沧州市民手机记录“鸟宝宝”成长,102,109
跟随飞行员视角看高空世界 震撼景观美到窒息,110,113
秀智2.0？这样的颜值和身材不去当爱豆出道太可惜了！,102,107
张国荣去世时，造成了多大的轰动？整个香港是什么样的？,102,102
国内被看不起的面包车，法国人当宝贝，还造出30万的版本,107,116
退伍以后还要继续服预备役，预备役是什么意思呢？,110,113
千年等一回！大司马落地开始屠杀，感觉整个人都膨胀了,102,116
伊朗意图用比特币应对美国制裁 加密货币或成危机国的救命稻草,109,109
方玄昌：十年回眸，品味灾难中的人性,113,101
东西部决赛将至，你看好谁能冲出重围？,103,103
1.5亿豪宅曝光，关之琳分享房产投资秘诀,106,106
来一波辣眼睛买家秀，卖家笑了：敢买赵丽颖同款的，都是身材好的,102,102
2018天津春季书展有哪些看点？,101,103
山楂的药物作用有哪些？,108,101
王者荣耀有没有什么上手简单的刺客呢？,116,116
《绝地求生》小队模式下什么情况是倒地马上死？,116,116
考生迟到2分钟被拒进入高考考场应该吗？,108,108
这些狗狗平时很温顺，如果谁对它们的主人不敬，就会送上致命撕咬,110,113
在太原，绿地，碧桂园，保利，恒大，万科，恒实，哪个小区比较好？,106,106
听说贵州织金龙场场镇要修机场，是真的吗？,104,101
余额宝升级以后，预期收益率是否会回到6%？,104,109
憬寒看盘：看盘技巧之盘口语言的逻辑解读(2),104,108
《南方有乔木》原来时樾是警方卧底，安宁前任丈夫被他抓进了监狱,100,102
约会赢免费套装 这个520你不再孤单,116,107
想过用比特币完成你的大学学业吗？,108,108
每天都看经管类书籍，对自己会有影响吗？,108,107
小盖茨机器人亮相第74届中国教育装备展 打造机器人教育盛宴,109,108
什么是相控阵雷达？,110,109
TeamLab 无边界数字艺术博物馆，让科技与艺术完美结合,101,101
《王者荣耀》中，哪些英雄的大招最“废柴”？,116,116
应届毕业生考特岗需要教师资格证么？,108,108
赛过西施貂蝉之色系,101,100
瑞典世乒赛决赛，刘诗雯尚未完全走出8年前阴影,103,103
如果你的女友身上有别人的纹身，你会介意吗？,102,100
张杰工作室发维权声明 反被网友吐糟：你能不能硬气点啊？,102,102
原创：华为的虚拟股份机制取得成功是因为“诚信”做得好,104,104
「爆笑幽默gif」狗子：为什么要欺负我啊,107,113
这八种“酒驾”误区必须知道，不然上路就会被抓！,107,108
作为曾经的海上马车夫，荷兰为什么在近代衰落了？,109,110
上联：老子骑牛读书，下联怎么对？,101,101
中东地区局势混乱，伊朗今年的局势会怎样呢？,110,110
这30个温暖瞬间看完可以扛一年,113,108
"妻子如茶,情人如酒!",101,113
影视作品里经常出现的涉及中世纪宗教情节里戴鸟头面具的是什么人？,110,101
当背锅侠好多年，又有多少人平反了,102,104
王朔：全北京的青霉素都是从我手上发出去的,100,106
为什么孙权废孙和杀孙霸？,101,113
室友玩游戏时声音太大应该怎么办？,116,116
退伍以后可以去当合同制消防员，那么合同制消防员的待遇怎么样？,110,102
艾维聊Apple Watch：追求我们认为最好的解决方案,109,109
长安CS75车主抱怨机油增多，为何不能像本田CR-V一样暂停销售,107,107
鹈鹕逼出勇士最强的死亡五小，杜兰特这么打下去金州登顶有望,103,103
马云经典演讲：中国最赚钱的机会在哪里！,109,106
毛骗中的邵庄,102,102
江边寒蝉第一声，夏来临。如何接句？,112,112
2姐嫉妒3妹嫁得好，害死妹妹，自己和妹夫过日子,100,100
公主岭和四平是什么关系？,110,101
《绝地求生》皮肤评测：狂鲨之吻98K与最稀有饰品橄榄枝锅,116,116
华北出现不明飞机，两架战机直接亮出导弹，对方掉头就跑,110,110
绝美中国风景，你走过了多少？,101,112
乌鲁木齐机场：安检员教你如何快速过安检,112,104
“5·12特别报道”——当年的抗震英雄，你们在哪里？,108,116
黄子韬不知道朱碧石，被罗志祥笑怼：她比你还火,102,102
部分iPhone 7/7Plus更新iOS 11.3.X后出现故障 苹果给出解决方案,109,109
荣耀V10和华为mate10的区别是什么？,109,109
如何解除明世隐的“狗链连接”？,116,109
乐视影业更名乐创文娱，张昭回答了你关心的10个问题！,104,104
安徽阜阳颍州区：3000万元重奖学校教育质量提升,108,108
你身边其实早有了“非人类”小秘，Siri都不值得一提！,109,106
我为什么看好Coinmarket？,109,104
2018年天津市东丽区最新户籍政策，大专学历45内也可以落户！,108,108
帝释天干过的6件轰轰烈烈的大事，但他也干过2件偷鸡摸狗的龌蹉事,102,115
带不走爱的味道,100,102
被人造谣连发声明？网有：教主你这事不说出来我都不知道,102,100
Weiss评级创始人：巴菲特低估了数字货币的巨大好处,109,104
闽侯这个村“新风拂面”，小编带您瞅个新鲜~,112,116
远东参股同牛科技荣获“大数据星河奖”，渤海轮渡境外收购,104,109
10张很“悲催”的照片，真不知道该哭还是该笑，这都是命啊！,107,113
手工米酒基本功：洗米,116,115
高端沙漠线路 走进腾格里 夜宿星空下,103,112
与虫分茶，味出天然的政和白茶,112,115
以色列算盘落空，忽略了叙方的防空能力，伊朗逃过一劫,113,113
3名外国人喝醉在长春街头撒野，被长春警察迅速制服，你怎么看？,113,113
汶川地震10年：没有故事，只有生活 为死去的人默哀,112,103
谷歌I/O大会黑科技满满：AI、VR、AR、安卓P还有什么？,104,109
中华古图谱：古代茶文化艺术欣赏,101,101
有什么游戏识别不出来的安卓模拟器？,109,116
史上令人难忘的一天,110,116
到底发生了什么 马化腾要怒怼张一鸣,109,109
亚洲七大新创之都 北京称霸、上海紧追,109,112
司机，麻烦吴川站有落！,112,107
你只知道《百年孤独》有个伟大的开头，但你知道伟大在哪里吗？,102,101
《幸福马上来》定档6.8 冯巩刘昊然岳云鹏组天团,102,102
猪价破5元/斤，猪周期失灵，3类猪场面临倒闭，“人造猪肉”也来,115,104
一个游戏停服前是什么样子的，会出什么活动？,116,116
曾经的笑容灿烂，如今的愁容满面,112,112
分手还是那么想你，分手只是一时冲动,102,102
张稀哲回归会让他失去首发位置,103,103
素描新手人像起形，你学会了方法，缺乏练习等于“不会”,101,108
可可西里是21世纪初世界上原始生态环境保存较好的自然保护区,112,112
开挂！济南将“一分钱乘公交” 5600辆公交全部开通银联支付,109,112
大连多家海水浴场现“人狗同浴”，你怎么看？,108,112
邹传伟：区块链和加密货币的经济学分析（附演讲PPT）,104,109
鹌鹑味道鲜美营养丰富，想要养殖鹌鹑的朋友，这些建议或能帮到你,115,115
自称最具艺术细胞的民族：有钱有闲不爱享受，喜欢街头卖艺,112,101
5月8号好汉杯结束第四周比赛，OMG第一4AM被淘汰，如何评价？,116,103
千盼万盼！韶关这里已经迎来第一波向日葵花海！百媚千娇就等你来,112,112
对手变盟友！雀巢花71.5亿美元买了杯星巴克,104,104
部落向库尔提拉斯大举进攻！魔兽8.0小探索,116,109
近年周播剧收视最全统计，赵丽颖太厉害包揽前二，网友：周播女王,102,102
金庸四绝萧峰、郭靖、杨过、张无忌的武功排名应该是怎样的？,103,101
联想把5G关键票投给了高通，掀起全国的舆论风暴，企业有权利按照自己意愿决择吗？,109,109
2018最火爆的项目看信用中介如何轻松实现年薪36万,104,106
关于洛阳龙潭大峡谷的故事传说是怎样的？,101,101
偶尔打滴滴回家，别人的车内真舒服，原来是这些小摆件~,107,107
硬汉张莫斯血染球场 现场赶制“备用球衣”替换,103,103
求实谈：产业扶贫让“输血”变“造血”,115,115
"骑士128-93大胜猛龙4-0挺进东决，詹姆斯28+8+11,你如何评价本场比赛？",103,103
火箭就应该这么打！大胜之后大家都冷静！,103,103
普通用户如何逃过大数据杀熟？,109,109
买了太平人寿保险，得了病花了20万，保险公司说没有动大手术拒赔怎么办？,104,104
为什么像厦门这种城市物价房价高，工资却很低呢？这是典型旅游城市的通病吗？,106,106
技术让金融变简单：恒生电子,104,109
感动！女儿出生三天被高烧成脑瘫，她用50年诠释什么叫母爱如山,100,101
该不该辞了杭州7000一个月的工资回家做淘宝？,104,109
影家《正义联盟》蝙蝠侠遥控车 霸气炫酷抗撞击,102,107
“这么熟了，帮个忙怎么？”“呸！”,112,112
同为新星，差距甚大，一位忙着兑现天赋，一位忙着晒豪车美人,103,103
去泰国旅游，一个人预算多少合适？,113,112
如何做到技多不压身？,109,109
怎样过一个有意义的人生？,108,113
普京第四次就任俄罗斯总统，你怎么看？,113,113
东京股市收盘下跌,104,104
沈北房价会涨吗？,106,106
在美国花一百美元跟在中国花一百人民币一样吗？,107,113
县政协视察县供销社改革工作,104,115
王诗龄更博晒做家务变瘦的她更加好看 网友评论被越来越像李湘,102,102
曼谷公寓每年上涨9%？有路带你了解本地人怎么选房！,112,112
还记得著名主持人水均益吗，这些年他去哪里了？,103,102
马尔萨斯陷阱,115,109
《大河之舞》之后，《王者之舞》如何再创踢踏舞传奇？,116,116
我们为何把日本称为倭国，难道是他们矮？其实这没有骂人的意思,113,113
突发事件，美国突然宣布…………,113,113
2018大秀中国盛大开启,107,103
「提醒」大棚滴溉你还再按天浇吗？,115,115
几乎每一个银行工作人员都劝说顾客，不要把钱存入余额宝，对此你怎么看？,104,104
美国国际贸易委员会337调查面面观（一）：它从哪里来,104,113
单场5盖帽+5抢断有多难？邓肯0次，加内特0次，唯有他24次,103,103
既能放假也能收获经济 三月三，壮乡不一般,101,101
江苏常州发展得怎么样？,106,109
第一张是经典之作，能把这些老物件叫出名字一定是地地道道的农民,115,115
美国撤出北约的可能性有多大？,113,110
「一封家书」白岩松在儿子18岁时给了他一封深情家书,102,109
贾樟柯新片用脸盆喝酒，茅台等好酒掺着来，会不会吓坏法国人,102,102
地产1分钟│天津一季度GDP增速垫底,104,106
给平台投稿之前要做哪些准备？,108,104
普京正式开启“4.0时代” 如何施政成关注焦点,113,104
用人单位如何单方调岗不需要支付双倍赔偿金？,109,104
带队伍很简单，就三个字,104,116
《星战》欧比旺独立电影制作开启 主演人选尚未确定 预计2020,102,102
为什么许多人都喜欢山口百惠？,113,101
这个活动有点甜！日本金泽市向市民免费分发冰淇淋,113,113
雅虎总裁玛丽莎·梅耶尔：智慧与美貌并存,109,104
巴菲特：微信会影响到美国运通的发展,109,104
准备考科目四的学员注意了，记住这4点准没错！,108,108
美媒称中国年轻消费者更爱国货：对欧美品牌不是好消息,109,107
张馨予与海狮互吻被海豚亲脸颊，九张照片就换了三套衣服,102,102
戛纳电影节开启，众明星蹭红毯丢脸到国外，李宇春获最佳着装奖？,102,102
四川全兴足球队当年到底有多厉害？我来告诉你！,103,103
景泰县“送法进校园”宣讲活动走进寺滩,108,101
《王者荣耀》里的排位赛如果可以禁三样装备，你会禁什么？,116,116
20万入手一辆12年的宝马750，全时四驱，值得入手吗？,107,107
老年人学习什么乐器比较好？,108,101
大变局！支付宝突然宣布这个，巨头们怕要哭了！,107,109
这五种小伙子，你会选择哪个类型来做自己的另一半呢？,115,116
两岸人士热议“台商走电商”创新发展,104,109
喜欢花草的人可以养这样的花苗，气味芬芳好养活，满屋飘香,112,102
历任北大校长的书法，你打几分？,108,108
签证被拒后怎么办？准备出国打球的小伙伴们注意了！,112,112
哀悼！遇害空姐微博关注多位鲁能球员，王大雷王永珀蒿俊闵悼念！,103,103
被神化的倭国武器-“歪把子机枪”！,110,110
袁娅维正唱着《说散就散》，音乐突然停止，镇定自若，实力唱完！,116,107
后勤用油桶给士兵送饮用水，还没开战就损失了五百多人,110,110
如何评价《飘》中的黑人保姆？,101,113
周冬雨戴渔夫帽素颜现身 一路玩手机变“低头族”,102,102
王者荣耀：你排到过哪些“不可思议”的队友,116,116
士官考军校需要考什么？,110,109
露天巨峰盛花末期如何保果？,107,110
《悦读九江》大型诗文诵读大赛 田家炳中学赛区开赛,108,103
母亲节将至，怎么带老妈开启逛吃游玩模式？,112,112
东南DX7的油耗和质量怎么样？,107,107
广州将排查在建工程脚手架设施安全隐患,106,115
英雄联盟8.9版本英雄改动，我大盖伦又双叕加强了！,116,116
美国海军重建第二舰队，剑指俄罗斯！,110,110
最受小朋友喜爱的书有哪些？,112,112
章泽天告诉我们：要想嫁得好，首先你得好！,109,107
5.12地震十周年纪念，家长请务必，教会孩子这些逃生方法！,107,107
独立音乐人蔡诗芸DizzyDizzo初夏电玩城时尚潮流 有点“变坏”,102,102
骁龙660处理器选什么品牌的手机好？,109,109
魔兽发推享受度假，真舒服！,103,102
放牛大叔救了一个小男孩后发财了，半年后放牛大叔害死了小男孩,100,100
911事件后美国发动了伊拉克阿富汗战争，为什么对伊朗一直不敢动手？,113,113
股权代持产生背景及原因，公务人员股权代持是否有效,104,104
柳大华许银川南康施绝技 盲棋+车轮大战均不败,103,103
宝宝们合作组装直升机，成功完成，直升机要起飞啦,110,110
3天4场座谈对话40余leader，怎样看待这次的成都市委调研组与在四川的世界500强企业座谈会？,112,109
给葡萄巧妙灌水能成倍提高葡萄产量甜度，促进果穗成熟——收藏,115,101
大润发创始人辛酸离职！阿里巴巴成功接手,109,109
认识再多小老板也没用,107,113
离婚后住房公积金归谁？ 是个人财产还是夫妻共同财产？,106,106
汶川地震十周年 记录电影《川流不息》在陕献映,104,102
《复仇者联盟3》中哪个英雄表现的最出彩？,116,116
qq被传出现bug后，微信立马跟上了,109,116
王者荣耀的哪个英雄或者哪个技能最让你怀念呢？,116,116
世界技能大赛来湖北寻找年轻“匠人”,108,116
山西晋祠铁人为何千年不朽？,112,112
直指美军据点！土耳其失去耐心，决心啃下硬骨头，不惧美军反击,113,110
中国传统村落怎雷村及黔南最古老和保存最完好自然村寨排烧,112,101
是我的世界抄袭迷你世界，还是我的世界抄袭迷你世界？,116,116
角逐万亿汽车金融市场：弹个车、毛豆新车、妙优车激战正酣,107,107
世界大力士冠军赛：美剧“权力的游戏”演员夺冠,102,102
崔永元因何发文怒怼冯小刚？,102,102
最高万元奖金！锦州这个创新大赛等你来,108,104
去处‖大杨浦竟藏着上海市区的“绿宝石”,112,112
云想衣裳花想容，甘肃临夏牡丹花开倾城倾人,101,103
夜读｜独处，是最好的修行,107,103
特朗普宣布美国退出伊核协议 奥巴马称其为“严重错误”,113,113
最近一直都在传苹果手机更换电池能够大大提高手机的流畅度，到底是真的假的？,109,109
吕布的马上战斗力一级，那么谁更适合地面战呢？,101,116
老百姓的梦想就是我们扶贫队的梦想,115,109
世界第一支付公司World First进入中国，微信支付宝如何应对出局风险？,109,109
第57期｜孩子成绩突然下降怎么办？听听这位父亲怎么说,108,108
“麻雀虽小”，小市场蕴含大机会,115,107
喜讯：网联与支付宝成为好兄弟,104,109
"中国宣布“新禁令”, 特朗普“认怂”, 紧急向中国求救！",110,113
「分享」福楼拜：每一个微笑背后都有一个厌倦的哈欠,101,108
新高考背景下 高中和高校之间应架起一座桥梁,108,108
俄罗斯敢不敢和美国硬碰硬？,113,110
阿根廷一市长涉嫌与贩毒案有染遭警方搜查,113,113
大片来袭！大国起飞！这么燃的军机视频你一定要看,110,102
胡尔克不在，上港球员心理上害怕！,103,103
方舟子说象棋源自印度，中国古代没有大象，你认为这种说法怎么样？,101,101
我国又规划一条重量级铁路，全长约2010公里，连接我国两个最大省,110,112
越南下龙湾有着“海上桂林”之称，酷似中国的桂林山水！,112,112
卢靖姗亮相戛纳电影节，白色礼裙如异域公主，网友：大腿很敦实,102,102
「警惕」网警防骗小课堂之八：提供“考试答案”千万别信,108,108
农民工返乡热潮的出现，背后是出于什么原因？,104,100
你认为在历代高考中最难的作文是哪个命题？,108,108
黄埔军校老师有哪些？,110,108
日本街头路边摊儿,112,113
相约中山公园 来2018年青岛赏花会听民谣赏微演艺,102,112
用老一辈的方法，煮的皮蛋瘦肉粥，好吃到让你尖叫,101,101
青海玉树州称多县发生5.3级地震,113,113
米聊为什么还能存在？,109,109
明年退休，想自驾游全国，不走烂路，预算25万左右，买suv哪款车值得入手？,112,107
火箭队9+5野兽前锋硬碰11+7+7悍将，火箭总冠军系于一人之手！,103,103
现在做工程需要垫资多少？,109,106
乌拉圭特意将公路从直线建成圆形，浪费2倍建材只为这个原因？,107,104
投票事件过后，联想今后的日子该怎样走？,113,113
契约之战嬴政上单？,116,103
空调销售旺季来袭 苏宁将启动518空调节,103,109
时评丨追星与科研，并不矛盾,102,108
#汽车冬季保养#冬季汽车暖风不热怎么办？,107,107
特写：一条船一条心——香港市民体验“扒龙舟”迎端午,101,112
乐高有哪些产品以后一定会升值？,116,109
幸福不是故事，不幸才是——心理学告诉你为何初恋如此难忘,102,100
米家有品APP是雷军的吗？,109,109
都说关晓彤配不上鹿晗，你可知她的强大家庭背景成就了她一生！,102,102
王者荣耀虞姬太骚气，什么刺客能克制？,116,116
移动通信技术专业学生应该如何选购电脑？,109,108
第71届戛纳国际电影节开幕 代际更新势不可挡,102,102
全球最先进护卫舰 中国054A护卫舰第一,110,110
母亲节，甜馨为妈妈李小璐做爱心午餐！大眼睛尖下巴越长越美！,102,102
如何客观评价联想总裁杨元庆？,109,109
《坦克世界》各系中坦特点总结，脑袋最硬的当属S犀中坦,110,110
姚晨现身北京机场，休闲风亮相咧嘴笑，紧身牛仔裤秀细腿,102,102
经济学家管清友称，现在买不起房就多买两套，不然以后就更加买不起，你怎么看？,109,106
大国游戏：美国在海湾战争到底烧了多少钱？,113,116
2018年东莞工厂越来越难招人了，是什么原因？,104,107
哒哒英语“联姻”好未来 “百年名校”梦想更进一步,109,109
大数据 消费的普及 一码支付乐享自在生活,109,104
歼20生来为“踹门”，出海实打实训是必然！,110,110
如果散户都不交易了，股市会怎么样？,104,104
一个优秀的淘宝运营，需要拥有哪些网店运营技巧？,109,109
面向赴日外国游客的黑车违法且价高 只因语言相通,112,101
跳水女神伏明霞嫁入豪门现状：身材发福，老公大自己26岁仍无代沟,103,102
快乐购：反垄断局停止审查,104,102
难分真假的杜莎夫人蜡像馆,101,113
各个国家流行的养老方式，你中意哪一款？,115,112
LOL测试服最新改动：符文迎来大改动，扎克获得增强！,116,116
不想在公司上班，有什么自由职业可以做？,109,104
当红主播竟组萌宠CP？我同意这门亲事！,116,116
上联：纸上谈兵领军百万；如何接下联？,110,101
浅浅！快来戳瞎我的眼睛！,102,107
VDA2大赛获奖应用评测—天擎VR《汽车仿真修理》,109,107
恒大酒店集团：携手中国旅游住宿业论坛 共襄金光奖盛典,104,112
舒适座椅，了解一下？,107,107
妲己完成了女娲交代的任务，却没得到女娲保全的原因是什么？,102,101
28步鬼步舞《阿西里西》笑春风示范加分解 你一看就会 超简单,102,102
申花建设最先进的健身房，完善后勤保障,103,110
安徽省这5个城市，潜力无限，有你所在的城市吗,112,112
同居也可能构成犯罪，2018年最新的规定，办了多少婚姻中的受害者,115,102
今年高考外语口试14日至16日报名 报名费30元,108,108
大众的三款车如何选择？,107,107
更懂你的旅行装备！vivo X21腾冲极边之旅，智慧体验惊喜,107,109
写材料必备识别软件,109,109
歼—15上为啥会有宝马标志，这究竟是怎么回事？,110,112
在澳洲旅游期间，如何申请加拿大旅游签证？,112,112
生活在中越边界的唯一一个家庭，生了孩子却上不了户口,100,106
杜兰特说“离开哈登四年后才想起哈登的好”，对此你怎么看？,103,103
荒野行动故柠：还能这样运装备？3级头盔，3级甲，把妹子高兴坏了,116,116
西方国家为什么讨厌阿萨德？,113,110
农村家里有房，还有20多万存款算不算有钱？,104,115
双产业三引擎打造更“鲜活”的未来天河潭,112,104
赢不了球怎么办？贵州恒丰老总的办法最简单粗暴：用钱砸死你！,103,103
车钥匙落车里，用手机拨通家人手机，家人按下备用钥匙，管用吗？,107,109
被征收人如何选择补偿方式,106,115
三亚独有“牛奶莲雾”上市 本地消费者“一果难求”,115,112
「图」采用太阳能的Off Grid房车将重点放在可持续性上,107,107
小农民探野：大暴雨过后，青蛙开始外出觅食，山上随处可见！,115,115
“全球电视制作标杆”《欧洲歌唱大赛》明日震撼开启！芒果TV独家见证,102,113
《聊斋志异》里面哪个故事最精彩？,102,113
产业观察｜传统广电首次联手打造新型金融传媒产业生态圈,104,104
宝马-X1，2013款 sDrive18i 时尚型，品牌绝对杠杠的,107,107
校名无比霸气的6所大学，一旦考上前途无量，饭碗不愁！,110,108
"就在刚北京时间20:02分，又一惊人逆天消息降临""5G芯片""中兴通讯",109,109
被眼睛欺骗？这正是你比机器高明的地方！深度学习如何处理认知错觉,109,107
被人指责是汉奸，逃往外国娶遍中日美太太，一百年后孙女回国,102,113
东北酸菜，四川酸菜，贵州酸菜有什么不同？,101,110
空姐遇害事件：一百万霸占各大论坛、贴吧、朋友圈,109,107
国产长续航手机哪款好？,109,109
13款的手动朗逸能值多少钱？,107,107
叙利亚反叛军全部缴械投降，这意味着叙利亚战争结束了吗？,110,110
昨日首艘国产航母海试！2018不可不知的8大大国重器！为中国点赞,110,110
记忆中的山村老家,112,115
利比亚难民后后悔推翻卡扎菲吗？,113,113
50岁大叔娶了个乌克兰“洋媳妇”，生下混血宝宝羡煞旁人！,102,113
景瑞控股2.4亿收购北京东城区4.3万平商业物业100%所有权股,104,104
美国参议员麦凯恩说他的葬礼上不请特朗普，大家怎么看？,113,113
女生学计算机怎么样？,108,108
民国才女萧红一生中有几段恋情，萧红为何屡遭抛弃？,101,102
打造人力资源管理新格局，“2018苏州人力资本峰会”报名火热进行,108,109
福州共享单车没贴标不许上路 第一批禁停区已定,109,109
为什么我们几乎很少看到俄罗斯的产品出现在我们生活中？,110,113
杜兰特不是火箭最恐惧的球员，他才是克制火箭的最大奇兵！,103,103
俄罗斯的CPU或集成电路的现状是什么样？,110,110
路虎保时捷挂假牌 一周40多辆“豪车”被查扣,107,107
一定要保管好登记码，这个很重要,108,109
马云又出惊人言论，8年后房子最不值钱，他的话可信吗？,106,106
你对“断舍离”怎么看？你有哪些无论如何都不会“舍”掉的东西？,106,112
NBA现役最强小前锋，第一称霸联盟多年，杜兰特屈居第二,103,103
T+0操作最简便的买卖方法，学到极致就是绝活！,101,109
中国股市再获重大利好五月A 股将红遍股市天,104,104
汶川地震中那些死难者存在银行里的钱，最后怎么处理了？,106,110
清姚孟起临《九成宫》，对比出伤害！,116,115
重庆最有钱的十个人，你认识几个？,104,112
新手“女司机”和狡猾“老司机”：一个车毁人伤，一个难逃处罚,107,107
云南正在修建一条改变交通运输格局的铁路，沿途有你家乡吗？,112,112
朝闻鄂尔多斯今日教育，晚知鄂尔多斯明日未来,104,108
如何看到美国总统连续撕毁美国签署的国际协议的这种耍无赖的举动？,110,113
上联：底板下出文章，下联如何对？,101,101
唱红歌 表深情,108,108
飞机刚刚进入起飞滑跑阶段，突有乘客异常不安，怀疑飞机出现严重故障不能起飞，乘务员要如何应对？,113,113
裸根蟹爪兰怎么栽种？,112,112
论语——学而第一,101,108
房屋征收补偿方案可以作为诉讼证据？教你合法保留证据,113,115
湖北宜昌：乡村，农民可以拥有多处宅基地吗？宅基地可以买卖吗？,115,115
浪潮集团与河南工业大学签约，加快“智慧粮食”建设,109,108
创业者：2018如何选好项目？,109,109
24小时三记暴击！比特币价格一日蒸发近10%,109,104
机会｜业绩暴增 工程机械后市有望迎升机,104,114
浦江中国(01417)与上海盈展及深圳海亿达订立合作框架协定,106,104
新的石油发现量创下新低,104,113
怎么穿亮片才能避免廉价感，教你如何拍出大片,102,104
《王者荣耀》疑似张大仙公布新女朋友，你怎么看？,116,116
爱品茶的朋友福利来了，这些便携的茶具，让可以你随时随地喝到茶,112,112
银环蛇一般在什么地方活动？,112,112
“名嘴”操纵股票被证监会处罚1.26亿元，你怎么看？,114,104
蔡卓妍出席活动，网友：特有的少女气质，越看越迷人！,102,102
为自治区成立60周年点赞,108,110
电视机会被手机、iPad、电脑淘汰吗？,109,109
西安一大学生穿短袖鳌太线徒步，失联6天，你怎么看？,112,112
“天地板”操纵案手法曝光 老牌私募被罚1亿！,114,103
地段之王，Base 2期内部认购火爆开始——EDGE Central Pattaya,112,116
2018ITF国际网球金安公开赛开球，精彩一“网”打尽（现场多图）,103,104
湖南高尔夫又见“国手” 6小将出击世界大学生高尔夫锦标赛,108,103
违法酒“清宫御酒”为啥能流入市场？,104,101
20.3万人！山东2018上半年中小学教师资格面试5月19日举行,108,108
如果想从事电影营销，应该选哪个专业？,108,102
图说中美友谊赛实况,103,113
今日库内大蒜价格稳中有涨，行情趋好发展,115,104
菜园种植黄瓜，技术员讲的学会这三种嫁接方法很实用！,115,115
48岁的刘若英，后来的你总算学会如何去爱了么？,100,102
昕锐手动舒适款和K2十五周年纪念款哪个值得购买？,116,101
徐濠萦惊艳亮相，网友：脚上的那双鞋子成功抢镜！,102,102
《红楼梦》贾母将贾宝玉视为珍宝，为何却不待见大孙子贾琏？,101,101
一首歌红了一辈子童星出道，37岁做单亲母亲，50岁和小鲜肉恋爱,102,101
这么多人爱哈雷，他们被什么吸引？,107,102
彭家坪镇开展移风易俗文明乡风活动推动社会主义核心价值观落地生根,101,108
+10？+11？DNF增幅礼盒这处错误有点低级，官网小编要扣奖金,116,116
贫富极殊再攀新高，富人愈富穷人更穷,113,113
王者荣耀：梦泪四杀遭上热搜，比赛却仍让人不满意！网友：没用！,116,116
2018最火爆的淘宝软件来了！,109,109
贾乃亮五月首更博,102,104
蔡徐坤跳舞时突然蹲下 原是遭黑粉强镭射激光袭击灼伤,102,107
春耕时节，韶关这两处梯田美不胜收！,115,112
保罗打破魔咒终进西部决赛 下一步总冠军戒指在等他！,103,103
2018年立夏贺州行 姑婆山十八水玉石林 黄姚古镇喝茶听雨,107,112
古德伍德速度节将至，赛车集聚,107,107
去大阪旅行6天，有什么建议？,112,112
学习篆刻打基础：篆刻技法——篆法,101,108
「曝光台」说辞变化大 “屈臣氏莴笋”退货退款难遭投诉,109,110
来场说走就走的旅行 到底选择SUV还是轿车？,107,107
越南西贡15小时内连降暴雨，一线城市变水城,107,106
大金国的军队战斗力很强，号称100万，为何没有统一天下？,110,110
母亲和老同学们聚餐，带去了六岁的宝宝，之后大家都删了她好友！,100,101
2018四川营山国际马拉松赛将于5月20日举行,103,103
北京拆迁律师：土地征收补偿项目、方案、法律适用问题全解密！,115,115
汴梁科技｜谷歌助理将很快能为您打电话预约,109,109
幼儿园、小升初、高考、择业，全面和AI挂钩！这就是现实,108,108
王宝强落泪！在法庭女儿知道自己跟妈妈后，说了8个字让人心痛！,102,100
上联：夜里销魂、醉取花香来续酒。怎么对下联？,101,101
女子狂追刘德华致父跳海身亡，11年后还是想见一面，你怎么看？,102,102
“芒果村”的绿色崛起,115,115
弹幕评论别降低了审美品位,109,116
袁泉曾经在节目中谈到夏雨时“崩溃离场”！现在看来很值得！,102,102
谁将成为第一批死掉的造车新势力？,109,107
历史上美国和加拿大有没有边境纠纷？,110,113
成都市与大同市哪个好？,112,112
一个第一！两个第二！感受峄城力量,108,102
第五届全国班主任工作艺术与心理健康教育高端论坛在安徽召开,108,108
正在使用手机刷卡pos机的注意了，必须进来看一下，否则后悔～,104,109
5月9日亚冠1/8决赛首回合，上海上港1-3落后，第二回合还能逆转晋级吗？,103,103
小鹏汽车总裁顾宏地：大批有希望的初创公司中，只有三家有能力在一年之内向消费者交付汽车,107,107
扬长补短以应强敌 体验新CS75的几大升级,107,107
读到哪些句子，如同醍醐灌顶？,108,101
直18竟在未服役的新航母上训练,110,110
如何移民加拿大？,108,108
特色小镇+生态文化公园+休闲养生，居然可以这样干！,115,112
梦幻西游：一场由于地煞包场引发的全区帮派敌对,116,116
欢乐颂五美的友情要崩了，你是心疼蒋欣还是刘涛？,102,102
大家都在做慈善，四大天王中为什么只黎明拿到了联合国领事级护照？,109,102
梁洛施出席某活动，网友：脸上线条越硬，越像男人了,102,102
土耳其的美，叫做上帝的偏爱！,107,113
新建住房必须安装太阳能板 加州新规推动太阳能股集体上涨,113,106
联想还能活多久？,109,109
美元加息的含义和目的是什么？,104,104
《绝地求生：刺激战场》怎样设置画面更像端游？,109,116
《王者荣耀》排位段位为什么不把单排和多排分开？,116,116
这山长水远的道路，终究是要自己走下去,112,107
恶人和坏人有什么区别？,102,102
路口禁止左转又禁止右转，连老司机都懵了！不知道怎么办的快来看,107,107
联想是如何从国人的骄傲变成最差科技股的？,104,109
下一轮猪价行情什么时候涨？真就没希望了吗？,115,115
Uber展现飞行汽车原型，有望5年内应用于服务,107,107
你是怎样看普京第四次就任俄罗斯总统的？,113,113
汇添富成长多因子量化策略股票净值上涨1.97% 请保持关注,104,104
斯大林为啥没有格鲁吉亚的民族主义情感？,113,101
地主：还没叫地主呢，就240倍了，能抢到吗,116,103
房产微信小程序系统开发是否有价值？,109,109
R11s和小米mix2比如何？,109,109
投资一个京东便利店大概需要多少钱？有什么门槛吗？,104,109
马云：阿里不愿招清华北大，他们应该去中小企业,108,109
为什么到现在中国人还是不相信美国登月是真的？,113,101
台上热血台下软萌！韩宇杨文昊亮亮一直播放飞自我,103,102
东山再起？英国剑桥分析公司高层已注册两家新公司,104,104
楼市捡漏你应该避开“伪笋”,106,106
中国“最有钱”的5对夫妻，每一对都身价过百亿，你知道几对？,109,112
奥迪这款电动SUV来得挺快，最快你今年能买到,107,107
知青下放登记年龄比身份证年龄大一年，请问，是按那个年龄退休？,113,108
广东将打造世界最长滨海公路，全长1875km，途径90个景点美爆了,107,112
“冷石”奥斯丁在WWE历史中处于何种地位？,102,100
晚节不保，布冯将受欧足联指控，布冯：把我们的心扔进了垃圾堆,103,103
推出 9 个月后，Google 在 AR 上有了让人意外的新尝试,116,109
“人造猪肉”即将面世，这对农村的养猪大户有什么影响呢？,115,115
为什么汕头没有建地铁？,109,113
谁说我不爱你,102,100
贵州的省会为什么叫贵阳？,112,101
乳山首届女子半程马拉松赛6月17日开跑,112,103
洲际赛马上就要开始，唯一遗憾的就是缺少了去年夺冠的功臣,116,103
河南省企业研发“汽车防撞”技术填补国内空白,104,107
蒋友柏和蒋万安是什么关系？,102,101
跳楼式下跌！4月淄博主城区库存指数公布！哪里还有房子卖？,106,106
保罗今晚迎双喜！哈登感激送祝福，爵士队主帅低头认输,103,103
欺人太甚！东南亚这些国家专欺负中国人，中国人还在忍气吞声？,112,113
假如一个人同时在3家保险公司买了意外险，出事了可以获得3份赔偿吗？,114,104
高云翔案再现逆天翻转，呆在房间36分钟极有可能是在吐酒,102,102
比亚迪速锐手动旗舰型，年轻人最爱的一款车型，网友们表示想入手,107,107
上半年证金公司“准举牌”了哪些上市券商？,114,104
#改革开放40周年# 到广东顺德调研和讲学。这块得改革开放风气之先在企业产权改革、部门机构合并改革等方面敢为天下先的热土，据介绍近年已实现了红白喜事不送红包（现金）的移风易俗，出乎我的意料。我认为这体现着社会文明进步的大方向，希望巩固下来，并为别的地方所借鉴,104,108
为什么德牧会成为警犬？,110,101
可以说说你上驾校的感受吗？,103,113
一个月交350的公积金，可以贷多少钱？,106,106
活着如何面对死亡？,113,113
农村家里有房，还有20多万存款算不算有钱？,104,115
作为司机，你能给滴滴评几星？,109,107
伊朗为何如此强硬抗衡美国底气何在？,110,113
P2P平台哪家比较靠谱？,104,109
樱桃采摘季丨青岛吃樱桃最全的攻略都在这里了！,115,112
怎样才能彻底更换挖掘机的液压油？,109,109
小程序火了，内容电商如何借势崛起？,109,109
大盘回踩只为清洗浮筹 后市谁将成反弹先锋,104,114
明星、富豪在繁华京城的“隐居”之地 在花丛中与小鹿一同进餐,112,112
网上流传冯提莫拯救网瘾少年？网友：从一个火坑跳进更深的水坑,102,102
他们伸出的双手 托举起生命的希望！,110,103
《倚天屠龙记》中，黄衫女和张无忌谁的武功更高？,102,101
美帝赤裸威胁：中国再军事化西太平洋将面临“后果”！,113,110
《神雕侠侣》里杨过扮演者古天乐事业辉煌，200万座驾很奢华！,102,107
老照片：80年代的大草原之都——呼和浩特,101,113
你可能知道雷电网络，但智能雷电未必听说过,109,109
vivo夺下了一个第一，这拍照技术令友商羡慕嫉妒！,107,109
2018平邑临涧“第四届大樱桃采摘旅游节”将于5月13日启幕！,112,112
手机拨号键上的*和#键是干嘛用的？,109,109
渭南市视导组来蒲城检查指导质量监测工作,108,108
林允骂哭同剧演员？金晨自爆恋情？大S吓跑投资人？,102,102
这款新款奥迪比凯美瑞还便宜，撩妹的专属座驾，比凯美瑞成功率高,107,107
世界上最矮的人，不到正常人身高的三分之一,102,103
讲红色故事 传红色精彩 辽沈战役纪念馆“红色故事进校园”,108,110
少儿计算机类教育机构设想,108,108
结婚买房不想出钱还想要加名字，我要是同意的话，就太傻了,100,106
贾鲁河上游按5A景区标准打造,112,107
你对学校家长群的马屁精家长有什么看法？,108,108
一缕分子料理香，美食孰人不知新东方,102,112
战斗民族是这样炼成的！10岁女孩练拳击竟徒手打断了一棵树,103,113
腾讯官方回应QQ发消息红色感叹号：正在紧急修复,109,109
小学生试卷“奇葩”答案火了，女老师看红了脸，爸爸却脸都绿了！,108,108
伊核协议是什么内容？美国退出协议是否有违契约精神？,110,113
疾风战将系类积木玩具,110,102
叙利亚的“俄罗斯雇佣兵”从哪来？,113,110
为什么国际顶级黑客大都没学过计算机专业，而是自学成才的？,109,109
显卡是4G1050TI好还是3G1060好？,109,116
芈月的成功是靠自己的能力，还是靠男人，如何评价芈月的成功？,102,101
OpenResty温铭：十年开源的历程和思考分享！,109,112
胶州开展商品房销售中介行为专项整治行动,106,106
世界杯阅兵之沙特：首秀即巅峰 12年后回归（上）,113,103
“娘娘葱，独头蒜，仰头女，低头汉”为何被称为农村四大毒？,115,115
深夜跑滴滴的刘振华，为什么偏接这位空姐的单？滴滴成猎艳工具？,109,109
美英法对叙动武，对国际社会有什么影响？,113,110
马云判断未来房价会便宜如白菜，是基于什么逻辑？,106,106
全国还有哪些地方把表达去的意思读“可”（ke）？,108,107
原来中国第一艘航空母居然挂的是欧阳忠的画,101,110
买房贷款还是全款合适？,104,106
京东杯大区赛落地杭州宝龙城，打造首次大型线下吃鸡赛,116,109
李保芳治下的茅台 只要不扩产怎么做都对,104,110
唐山大地震有前兆，汶川地震的时候有前兆吗？,113,112
青岛市土地整治规划发布 北王社区棚改项目主体封顶,115,106
大连一方VS广州恒大，金英权先碰到球、然后铲倒穆谢奎，裁判判点球，判罚合理吗？,103,103
中国4月CPI重回“1时代”,104,104
心碎了！贝克汉姆叹三个儿子不爱踢球 寄希望于小七,102,103
给大家推荐个优惠平台 淘宝天猫优惠卷平台,107,109
谢杏芳——曾是羽坛女单世界第一，走出阴影变身时尚女神！,103,102
寒门难出贵子？好多无处安放的青春被《极限挑战》扎心地讲了出来,108,102
赋顽石以灵魂 筑梦想于家乡,101,103
在工厂熬了8年夜班，工资只有3000，现在的模样让人心酸！,115,115
为什么成都天府新区不修在城北发达的成德绵经济圈，而修在南边？,104,113
纸箱哥获银江资本A+轮融资,104,104
江苏重要的战略城市，高铁发达地理位置关键，已经跃升为二线城市,112,106
菌肥的24个秘密！不看亏大了！,115,109
四部委联合发文，这次楼市迎来什么变化？,106,106
《创造101》小姐姐玩自拍，李子璇初恋脸，Yamy自带超模范！,102,102
上联：上上下下，下下上上，上下不分。如何对下联？,107,101
街拍卡戴珊妹妹！球迷：肯达尔-詹娜比几个姐姐都漂亮,102,103
中国电信李俊杰：5G承载尽量重用成熟的产业链,109,104
此幅书法如何？,101,101
鹰潭学子的“玩学大本营”来了！信江新区又一重要项目开工建设,106,106
寻龙点穴如何操作,101,114
影视剧中尴尬十足的穿帮照，鹿晗露了啥，是导演故意安排的吗？,102,102
细思极恐！诸多细节表明，虎牙或将垄断直播赛事！,109,104
云台山惊艳亮相首届中国自主品牌博览会,112,104
Uzi会一穿四直冲s系列总冠军吗？,103,116
微信公众号页面大改版 /「弹球王者」涉嫌违规遭下架,109,116
三国时期最著名的三句垃圾话，每一句都给对手造成暴击,103,113
猪肉价格低迷，会对养猪户会造成什么影响？会不会造成有些猪场关停？,115,115
把玩复刻主要就是看你的心态和理解,109,101
被拳王梅威瑟炫富影响最深的4个黑人，豪车炫富太low,103,113
adidas CEO 说最大的的假鞋市场在中国，进来了解一下,104,104
联想把票投给高通是为了拿下855的首发吗？,109,109
卫星地图上可以看到在二连浩特附近的地面上有一个巨大的手掌印，这是怎么回事？,101,112
未来最火的游戏模式将有哪些？,116,116
这些将一生献给神的印度僧人，将痛苦作为享受,113,113
新上市的大型SUV途达售价却是普拉多的一半，但越野性能却不逊色,107,107
“网红”西藏女炮兵：18岁参军 一口气能做60个俯卧撑,110,103
北斗系统能像GPS一样用于上网吗？,109,109
无人机的这种用法，你一定没见过！戳进来涨姿势！,115,109
联想还能活多久？,109,109
你是怎样看普京第四次就任俄罗斯总统的？,113,113
剧评｜农村现实题材楚剧《乡里乡亲》：泥土里滋长出无尽乡愁,115,115
世界“最矮情侣”，俩人平均88公分，遭受异样的眼光，现已结婚,103,102
Mobisummer获数百万美金天使轮融资，险峰长青领投,104,104
干货！当武警好还是解放军好？想参军的各位了解一下，真人真事,110,110
"现在美国满世界卖F35, 就不怕F135发动机的技术外泄吗？",107,110
上联：一生二，二生三，三生万物物物生辉。怎么对下联？,101,101
中国车牌“最尴尬”的城市：游客看到当地的车牌时，都忍俊不禁！,112,107
制定救助政策力求精准有效,115,104
消费者主权时代早已开始，你却还不懂得体验重构？,104,109
MSI小组赛第一天，如何看待老牌强队FNC惨遭两连败？,103,103
梅西巴萨任务结束，阿根廷20人名单出炉，迪巴拉或许乘上末班车,103,103
首只独角兽周二上市！8个涨停赚4万，近期新股收益大幅提升,114,104
为什么小猪佩奇突然火了，各大名牌都在追它？,102,102
袁崇焕的宁远大捷，为何只斩首二百余？,113,102
汽车4万公里必须大保养，都需要换什么？,107,107
4年！涨幅200%！为什么买房要跟着它？,106,106
腾讯：马化腾张一鸣互怼截图属实,109,109
鹰，不需鼓掌，也在飞翔，下联对什么？,101,101
论单打独斗，孙悟空和杨戬打，谁能赢？,101,116
18个月宝宝睡梦中死亡，这些睡眠安全知识要牢记！,113,107
曾经一年死亡2万人，德国高速不限速背后隐藏什么秘密？,113,107
你对旅行中曾经去过的哪个城市印象深刻？,112,112
Adidas最强科技boost到底是什么东西，怎么来的，强在哪里,104,109
吉林大学为什么那么出名？,108,108
为什么今年银行可以兑换的新零钱那么少？,104,104
胡静：出席活动，网友：设计师牛上天，这对耳环设计好别致呀！,102,102
《高兴死了！！！》书评-低到尘埃里，然后开出花来,102,102
鹤庆马耳山万亩杜鹃花盛开，看花约不？（内附游玩攻略）,107,112
她是令张艺谋愧疚一生的人，因奥运会彩排摔成终生残疾，如今,103,102
“Second banana” 可不是 “第二个香蕉”！不知道会很糗！,108,107
建新股份，下一个大黑马方大炭素吗？,104,104
做到量力而行,112,109
死亡之海罗布泊再现碧波，面积超1万平方公里，水是怎样来的呢？,102,110
全市新旧动能转换重大工程推进工作会议召开,104,104
开心时刻，就服你这技术,116,100
2018年老公准备转业，有什么可推荐的权威机构或者媒体吗？,110,109
又一地产负债天王！荣盛发展总负债为1623亿,104,106
吃过两种以上零食的小朋友，现在应该已经三十岁左右了，我都吃过,115,115
昂首步入全域旅游新时代——赣州文化旅游发展综述,112,112
日产350吨鹅卵石机制砂生产线如何选择破碎机？,109,109
本赛季第13次1：0赢球，马赛怕了吗？,103,103
“800壮士”是个啥组织？台“军改草案”初审：蓝绿爆发群殴,110,110
大鱼大肉也比不过农村的这三种野菜，再吃不腻啊,115,115
拳王泰森童年时被当成精神病？抓进管教所，被强制喂药,113,102
俏江南的创始人是怎样一步步丧失企业控制权以至于最后出局的？,104,107
面对碰瓷，你会怎么办？,107,107
央行：未授权任何APP提供征信查询服务,104,109
民间高手颠覆我的认知，10张照片告诉我，什么才是高手中的高手,107,116
邮政是快递始祖，为什么却被顺丰、圆通、申通等后来者居上了？,104,109
钢盔根本不能挡子弹，为何还一定要戴？,110,110
生命不息，奋斗不止，致敬当年的海漂青年,101,110
贵州哪个城市是避暑胜地？,112,112
车站温泉：你坐你的车，我泡我的汤,112,112
惠若琪微博晒与众娱乐明星同框照，网友：真幸福,102,102
2018年三门峡暨灵宝市职业教育活动周启动仪式在灵宝职专举行,108,108
剑侠情缘：虞允文魂石解析以及搭配推荐,116,110
日本靠一张“纸”痛宰我国十几年，每年流失10亿，如今下场惨到家,115,115
沈阳消防画报（第186期）——红火青春砺神剑 披肝沥胆谋打赢｜冬训考核现场沈阳消防超燃绽放,110,112
你知道日本街道干净的原因吗？印度游客说他们是被逼出来的！,112,113
为什么林家栋凭《树大招风》能得奖？,102,101
彭端淑《为学》：天下事有难易乎？为之，则难者亦易矣！,101,101
津沽趣谭—认死理儿,100,102
格林凌晨4点 短信激励杜兰特,103,103
攻击《魔兽》海外黑客被捕 已引渡至美国受刑,116,109
北京集体建设用地建设租赁住房确定首批融资方案,106,106
奥地利艺术家画的漫画太现实，以至于他被判刑监禁6个月,113,115
新工科产学研联盟深度学习师资培训班正式启动,109,108
我们应该怎样看待样板戏？,101,107
中国组合获现代五项世界杯混合接力铜牌,103,103
华人神探李昌钰为何就凭一双手套便断定辛普森无罪？,103,102
互联网创业寻找合伙人的五大要素,104,109
上联：公鸡打架头对头，下联怎么对？,101,101
快讯！佩蒂森/尤尔退出尤杯，摩根森退出汤杯,103,103
特朗普又搞事情！美国退出伊朗核协议对我们有什么影响？,104,113
丰田威驰和本田飞度哪个更好，更省油？,107,107
郭德纲本名是什么，于谦姓名中为何没有辈字？,101,101
盘点上海“维密秀”入口处的豪车：果然是土豪们的游戏,116,116
汶川十周年：地震现场之外影像回顾 大学生镜头里的512,102,112
中国月季园：月季花的诗情寓意,101,115
日本最大黑帮“山口组”座驾也分等级：小弟开天籁，大佬却开这车,113,113
乌克兰作为苏联的加盟共和国，为什么苏联和乌克兰可以同时加入联合国？,110,113
汶川地震十周年国际儿童绘画展在悉尼举行,101,108
